record_id,employee_id,course_name,training_type,start_date,end_date,score,completion_status,training_cost
TRG0001,EMP195,Kỹ năng Lãnh đạo Đội ngũ Hiệu suất cao,Lãnh đạo,2025-02-08,2025-02-12,85.0,Completed,6500000.0
TRG0002,EMP185,Quản trị Dự án Agile/Scrum Chuẩn Quốc tế,Lãnh đạo,2025-06-14,2025-07-03,74.8,Completed,5000000.0
TRG0003,EMP018,Kỹ năng Trình bày & Giảng dạy Truyền cảm hứng,Kỹ năng mềm,2025-05-14,2025-06-06,66.5,Completed,2500000.0
TRG0004,EMP228,Quản trị Dự án Agile/Scrum Chuẩn Quốc tế,Lãnh đạo,2025-04-15,2025-04-23,93.8,Completed,5000000.0
TRG0005,EMP081,Ứng dụng AI & Prompt Engineering trong Giáo dục,Kỹ thuật,2025-05-08,2025-05-19,68.3,Completed,4500000.0
TRG0006,EMP080,Kỹ năng Trình bày & Giảng dạy Truyền cảm hứng,Kỹ năng mềm,2025-04-01,2025-04-07,86.7,Completed,2500000.0
TRG0007,EMP044,Tư duy Dịch vụ Khách hàng Xuất sắc,Kỹ năng mềm,2025-05-06,2025-05-10,89.4,Completed,1800000.0
TRG0008,EMP176,Ứng dụng AI & Prompt Engineering trong Giáo dục,Kỹ thuật,2025-08-17,2025-08-23,86.0,Completed,4500000.0
TRG0009,EMP057,Kỹ năng Lãnh đạo Đội ngũ Hiệu suất cao,Lãnh đạo,2025-02-08,2025-02-28,87.0,Completed,6500000.0
TRG0010,EMP023,Python Nâng cao cho Tự động hóa Quy trình,Kỹ thuật,2025-05-13,2025-05-16,81.8,Completed,4000000.0
TRG0011,EMP181,An toàn Thông tin & Tuân thủ ISO 27001,Tuân thủ,2025-09-14,2025-10-04,66.4,Completed,2000000.0
TRG0012,EMP091,Kỹ năng Trình bày & Giảng dạy Truyền cảm hứng,Kỹ năng mềm,2025-03-09,2025-03-15,96.9,Completed,2500000.0
TRG0013,EMP234,Phân tích Dữ liệu với SQL & Power BI,Kỹ thuật,2025-09-04,2025-09-20,83.5,Completed,3500000.0
TRG0014,EMP224,Phân tích Dữ liệu với SQL & Power BI,Kỹ thuật,2025-07-04,2025-07-12,65.2,Completed,3500000.0
TRG0015,EMP096,Ứng dụng AI & Prompt Engineering trong Giáo dục,Kỹ thuật,2025-03-19,2025-03-24,91.4,Completed,4500000.0
TRG0016,EMP078,Tư duy Dịch vụ Khách hàng Xuất sắc,Kỹ năng mềm,2025-06-12,2025-06-28,69.7,Completed,1800000.0
TRG0017,EMP102,Tư duy Dịch vụ Khách hàng Xuất sắc,Kỹ năng mềm,2025-07-13,2025-07-19,80.0,Completed,1800000.0
TRG0018,EMP128,Ứng dụng AI & Prompt Engineering trong Giáo dục,Kỹ thuật,2025-05-15,2025-06-04,91.8,Completed,4500000.0
TRG0019,EMP177,Kỹ năng Lãnh đạo Đội ngũ Hiệu suất cao,Lãnh đạo,2025-04-14,2025-04-24,78.2,Completed,6500000.0
TRG0020,EMP035,Kỹ năng Lãnh đạo Đội ngũ Hiệu suất cao,Lãnh đạo,2025-08-15,2025-09-07,65.8,Completed,6500000.0
TRG0021,EMP094,Python Nâng cao cho Tự động hóa Quy trình,Kỹ thuật,2025-05-15,2025-05-21,92.9,Completed,4000000.0
TRG0022,EMP135,Python Nâng cao cho Tự động hóa Quy trình,Kỹ thuật,2025-06-02,2025-06-10,72.2,Completed,4000000.0
TRG0023,EMP168,An toàn Thông tin & Tuân thủ ISO 27001,Tuân thủ,2025-08-03,2025-08-15,77.9,Completed,2000000.0
TRG0024,EMP098,Kỹ năng Trình bày & Giảng dạy Truyền cảm hứng,Kỹ năng mềm,2025-09-14,2025-09-23,65.0,Completed,2500000.0
TRG0025,EMP244,Ứng dụng AI & Prompt Engineering trong Giáo dục,Kỹ thuật,2025-03-15,2025-04-03,87.6,Completed,4500000.0
TRG0026,EMP045,Ứng dụng AI & Prompt Engineering trong Giáo dục,Kỹ thuật,2025-07-06,2025-07-18,68.7,Completed,4500000.0
TRG0027,EMP102,Kỹ năng Lãnh đạo Đội ngũ Hiệu suất cao,Lãnh đạo,2025-05-14,2025-05-25,92.8,Completed,6500000.0
TRG0028,EMP100,Tư duy Dịch vụ Khách hàng Xuất sắc,Kỹ năng mềm,2025-08-18,2025-09-11,81.8,Completed,1800000.0
TRG0029,EMP124,Phân tích Dữ liệu với SQL & Power BI,Kỹ thuật,2025-05-13,2025-06-05,96.7,Completed,3500000.0
TRG0030,EMP001,Phân tích Dữ liệu với SQL & Power BI,Kỹ thuật,2025-06-18,2025-06-28,84.9,Completed,3500000.0
TRG0031,EMP165,Quản trị Dự án Agile/Scrum Chuẩn Quốc tế,Lãnh đạo,2025-08-08,2025-08-13,84.0,Completed,5000000.0
TRG0032,EMP047,Kỹ năng Trình bày & Giảng dạy Truyền cảm hứng,Kỹ năng mềm,2025-03-06,2025-03-24,,In Progress,2500000.0
TRG0033,EMP099,Tư duy Dịch vụ Khách hàng Xuất sắc,Kỹ năng mềm,2025-05-09,2025-05-14,73.7,Completed,1800000.0
TRG0034,EMP097,Kỹ năng Trình bày & Giảng dạy Truyền cảm hứng,Kỹ năng mềm,2025-03-03,2025-03-23,69.2,Completed,2500000.0
TRG0035,EMP041,An toàn Thông tin & Tuân thủ ISO 27001,Tuân thủ,2025-09-04,2025-09-23,67.9,Completed,2000000.0
TRG0036,EMP030,Python Nâng cao cho Tự động hóa Quy trình,Kỹ thuật,2025-08-02,2025-08-20,79.8,Completed,4000000.0
TRG0037,EMP157,An toàn Thông tin & Tuân thủ ISO 27001,Tuân thủ,2025-09-10,2025-10-03,85.6,Completed,2000000.0
TRG0038,EMP015,Tư duy Dịch vụ Khách hàng Xuất sắc,Kỹ năng mềm,2025-04-05,2025-04-11,68.6,Completed,1800000.0
TRG0039,EMP140,Kỹ năng Lãnh đạo Đội ngũ Hiệu suất cao,Lãnh đạo,2025-07-14,2025-07-28,68.1,Completed,6500000.0
TRG0040,EMP159,Ứng dụng AI & Prompt Engineering trong Giáo dục,Kỹ thuật,2025-02-14,2025-02-19,85.9,Completed,4500000.0
TRG0041,EMP176,Tư duy Dịch vụ Khách hàng Xuất sắc,Kỹ năng mềm,2025-08-08,2025-08-14,32.4,Dropped,1800000.0
TRG0042,EMP153,Python Nâng cao cho Tự động hóa Quy trình,Kỹ thuật,2025-07-12,2025-08-01,89.6,Completed,4000000.0
TRG0043,EMP193,Kỹ năng Lãnh đạo Đội ngũ Hiệu suất cao,Lãnh đạo,2025-08-20,2025-08-10,72.2,Completed,6500000.0
TRG0044,EMP234,Ứng dụng AI & Prompt Engineering trong Giáo dục,Kỹ thuật,2025-03-19,2025-03-28,87.8,Completed,4500000.0
TRG0045,EMP152,Phân tích Dữ liệu với SQL & Power BI,Kỹ thuật,2025-08-17,2025-08-25,68.8,Completed,3500000.0
TRG0046,EMP054,Phân tích Dữ liệu với SQL & Power BI,Kỹ thuật,2025-09-03,2025-09-19,49.9,Dropped,3500000.0
TRG0047,EMP179,Kỹ năng Trình bày & Giảng dạy Truyền cảm hứng,Kỹ năng mềm,2025-03-13,2025-03-23,87.8,Completed,2500000.0
TRG0048,EMP108,Ứng dụng AI & Prompt Engineering trong Giáo dục,Kỹ thuật,2025-05-03,2025-05-21,82.4,Completed,4500000.0
TRG0049,EMP069,Phân tích Dữ liệu với SQL & Power BI,Kỹ thuật,2025-02-10,2025-02-14,87.2,Completed,3500000.0
TRG0050,EMP154,Tư duy Dịch vụ Khách hàng Xuất sắc,Kỹ năng mềm,2025-06-12,2025-07-03,81.6,Completed,1800000.0
TRG0051,EMP088,Kỹ năng Lãnh đạo Đội ngũ Hiệu suất cao,Lãnh đạo,2025-05-20,2025-06-13,92.4,Completed,6500000.0
TRG0052,EMP040,Python Nâng cao cho Tự động hóa Quy trình,Kỹ thuật,2025-06-07,2025-06-14,75.6,Completed,4000000.0
TRG0053,EMP247,Tư duy Dịch vụ Khách hàng Xuất sắc,Kỹ năng mềm,2025-03-15,2025-03-26,84.8,Completed,1800000.0
TRG0054,EMP190,Kỹ năng Trình bày & Giảng dạy Truyền cảm hứng,Kỹ năng mềm,2025-07-18,2025-07-23,92.8,Completed,2500000.0
TRG0055,EMP232,An toàn Thông tin & Tuân thủ ISO 27001,Tuân thủ,2025-09-14,2025-09-22,,In Progress,2000000.0
TRG0056,EMP028,Kỹ năng Trình bày & Giảng dạy Truyền cảm hứng,Kỹ năng mềm,2025-05-13,2025-05-17,82.9,Completed,2500000.0
TRG0057,EMP060,An toàn Thông tin & Tuân thủ ISO 27001,Tuân thủ,2025-07-09,2025-07-15,88.9,Completed,2000000.0
TRG0058,EMP143,An toàn Thông tin & Tuân thủ ISO 27001,Tuân thủ,2025-07-08,2025-07-14,72.2,Completed,2000000.0
TRG0059,EMP014,Quản trị Dự án Agile/Scrum Chuẩn Quốc tế,Lãnh đạo,2025-02-16,2025-03-03,89.3,Completed,5000000.0
TRG0060,EMP199,Phân tích Dữ liệu với SQL & Power BI,Kỹ thuật,2025-08-10,2025-08-24,,In Progress,3500000.0
TRG0061,EMP149,Python Nâng cao cho Tự động hóa Quy trình,Kỹ thuật,2025-04-09,2025-04-13,89.7,Completed,4000000.0
TRG0062,EMP155,Kỹ năng Trình bày & Giảng dạy Truyền cảm hứng,Kỹ năng mềm,2025-03-15,2025-04-05,94.4,Completed,2500000.0
TRG0063,EMP085,Ứng dụng AI & Prompt Engineering trong Giáo dục,Kỹ thuật,2025-08-13,2025-09-04,94.0,Completed,4500000.0
TRG0064,EMP056,Python Nâng cao cho Tự động hóa Quy trình,Kỹ thuật,2025-05-14,2025-06-03,87.8,Completed,4000000.0
TRG0065,EMP031,Python Nâng cao cho Tự động hóa Quy trình,Kỹ thuật,2025-05-10,2025-05-13,70.9,Completed,4000000.0
TRG0066,EMP034,Kỹ năng Trình bày & Giảng dạy Truyền cảm hứng,Kỹ năng mềm,2025-04-09,2025-04-15,82.3,Completed,2500000.0
TRG0067,EMP203,Quản trị Dự án Agile/Scrum Chuẩn Quốc tế,Lãnh đạo,2025-02-14,2025-02-24,72.7,Completed,5000000.0
TRG0068,EMP081,An toàn Thông tin & Tuân thủ ISO 27001,Tuân thủ,2025-02-04,2025-02-24,91.1,Completed,2000000.0
TRG0069,EMP075,An toàn Thông tin & Tuân thủ ISO 27001,Tuân thủ,2025-04-10,2025-05-02,,In Progress,2000000.0
TRG0070,EMP070,Kỹ năng Trình bày & Giảng dạy Truyền cảm hứng,Kỹ năng mềm,2025-02-06,2025-02-17,92.6,Completed,2500000.0
TRG0071,EMP095,Phân tích Dữ liệu với SQL & Power BI,Kỹ thuật,2025-06-15,2025-07-03,94.5,Completed,3500000.0
TRG0072,EMP024,Ứng dụng AI & Prompt Engineering trong Giáo dục,Kỹ thuật,2025-08-03,2025-08-16,74.0,Completed,4500000.0
TRG0073,EMP157,An toàn Thông tin & Tuân thủ ISO 27001,Tuân thủ,2025-03-10,2025-03-28,85.5,Completed,2000000.0
TRG0074,EMP159,Ứng dụng AI & Prompt Engineering trong Giáo dục,Kỹ thuật,2025-05-15,2025-05-19,92.4,Completed,4500000.0
TRG0075,EMP035,An toàn Thông tin & Tuân thủ ISO 27001,Tuân thủ,2025-07-03,2025-07-07,92.2,Completed,2000000.0
TRG0076,EMP099,Ứng dụng AI & Prompt Engineering trong Giáo dục,Kỹ thuật,2025-03-01,2025-03-10,75.5,Completed,4500000.0
TRG0077,EMP069,Kỹ năng Trình bày & Giảng dạy Truyền cảm hứng,Kỹ năng mềm,2025-04-02,2025-04-10,77.6,Completed,2500000.0
TRG0078,EMP098,Kỹ năng Lãnh đạo Đội ngũ Hiệu suất cao,Lãnh đạo,2025-08-20,2025-08-28,83.8,Completed,6500000.0
TRG0079,EMP060,Quản trị Dự án Agile/Scrum Chuẩn Quốc tế,Lãnh đạo,2025-08-03,2025-08-24,92.5,Completed,5000000.0
TRG0080,EMP161,Quản trị Dự án Agile/Scrum Chuẩn Quốc tế,Lãnh đạo,2025-02-20,2025-03-02,75.1,Completed,5000000.0
TRG0081,EMP072,Kỹ năng Trình bày & Giảng dạy Truyền cảm hứng,Kỹ năng mềm,2025-06-01,2025-06-16,70.9,Completed,2500000.0
TRG0082,EMP191,Quản trị Dự án Agile/Scrum Chuẩn Quốc tế,Lãnh đạo,2025-06-14,2025-06-23,74.9,Completed,5000000.0
TRG0083,EMP133,Quản trị Dự án Agile/Scrum Chuẩn Quốc tế,Lãnh đạo,2025-05-09,2025-05-18,68.4,Completed,5000000.0
TRG0084,EMP246,Kỹ năng Lãnh đạo Đội ngũ Hiệu suất cao,Lãnh đạo,2025-08-20,2025-09-03,81.8,Completed,6500000.0
TRG0085,EMP199,Tư duy Dịch vụ Khách hàng Xuất sắc,Kỹ năng mềm,2025-06-06,2025-06-18,83.5,Completed,1800000.0
TRG0086,EMP099,Kỹ năng Trình bày & Giảng dạy Truyền cảm hứng,Kỹ năng mềm,2025-07-11,2025-07-14,71.7,Completed,2500000.0
TRG0087,EMP211,Phân tích Dữ liệu với SQL & Power BI,Kỹ thuật,2025-07-06,2025-07-26,95.9,Completed,3500000.0
TRG0088,EMP207,Tư duy Dịch vụ Khách hàng Xuất sắc,Kỹ năng mềm,2025-06-16,2025-06-19,79.1,Completed,1800000.0
TRG0089,EMP232,Kỹ năng Lãnh đạo Đội ngũ Hiệu suất cao,Lãnh đạo,2025-06-11,2025-06-20,68.2,Completed,6500000.0
TRG0090,EMP221,Python Nâng cao cho Tự động hóa Quy trình,Kỹ thuật,2025-08-11,2025-08-15,69.1,Completed,4000000.0
TRG0091,EMP141,Quản trị Dự án Agile/Scrum Chuẩn Quốc tế,Lãnh đạo,2025-02-02,2025-02-23,76.2,Completed,5000000.0
TRG0092,EMP035,Python Nâng cao cho Tự động hóa Quy trình,Kỹ thuật,2025-05-09,2025-05-21,85.1,Completed,4000000.0
TRG0093,EMP103,Kỹ năng Lãnh đạo Đội ngũ Hiệu suất cao,Lãnh đạo,2025-08-14,2025-09-03,85.2,Completed,6500000.0
TRG0094,EMP067,Python Nâng cao cho Tự động hóa Quy trình,Kỹ thuật,2025-02-14,2025-02-20,93.2,Completed,4000000.0
TRG0095,EMP165,Phân tích Dữ liệu với SQL & Power BI,Kỹ thuật,2025-08-19,2025-08-23,73.6,Completed,3500000.0
TRG0096,EMP113,Ứng dụng AI & Prompt Engineering trong Giáo dục,Kỹ thuật,2025-03-01,2025-03-10,73.6,Completed,4500000.0
TRG0097,EMP244,Python Nâng cao cho Tự động hóa Quy trình,Kỹ thuật,2025-03-11,2025-03-26,76.8,Completed,4000000.0
TRG0098,EMP111,Tư duy Dịch vụ Khách hàng Xuất sắc,Kỹ năng mềm,2025-02-11,2025-02-16,81.7,Completed,1800000.0
TRG0099,EMP242,Phân tích Dữ liệu với SQL & Power BI,Kỹ thuật,2025-03-13,2025-04-03,73.6,Completed,3500000.0
TRG0100,EMP228,Kỹ năng Trình bày & Giảng dạy Truyền cảm hứng,Kỹ năng mềm,2025-05-10,2025-05-19,52.2,Dropped,2500000.0
TRG0101,EMP112,Tư duy Dịch vụ Khách hàng Xuất sắc,Kỹ năng mềm,2025-02-09,2025-02-22,65.5,Completed,1800000.0
TRG0102,EMP086,Kỹ năng Lãnh đạo Đội ngũ Hiệu suất cao,Lãnh đạo,2025-08-19,2025-09-01,75.3,Completed,6500000.0
TRG0103,EMP035,An toàn Thông tin & Tuân thủ ISO 27001,Tuân thủ,2025-04-18,2025-05-06,92.4,Completed,2000000.0
TRG0104,EMP138,Kỹ năng Trình bày & Giảng dạy Truyền cảm hứng,Kỹ năng mềm,2025-07-15,2025-07-21,66.1,Completed,2500000.0
TRG0105,EMP034,Tư duy Dịch vụ Khách hàng Xuất sắc,Kỹ năng mềm,2025-02-08,2025-02-28,88.3,Completed,1800000.0
TRG0106,EMP126,Kỹ năng Lãnh đạo Đội ngũ Hiệu suất cao,Lãnh đạo,2025-04-13,2025-04-25,91.1,Completed,6500000.0
TRG0107,EMP162,Kỹ năng Lãnh đạo Đội ngũ Hiệu suất cao,Lãnh đạo,2025-05-17,2025-06-01,90.0,Completed,6500000.0
TRG0108,EMP105,Phân tích Dữ liệu với SQL & Power BI,Kỹ thuật,2025-08-07,2025-08-20,72.3,Completed,3500000.0
TRG0109,EMP185,Ứng dụng AI & Prompt Engineering trong Giáo dục,Kỹ thuật,2025-02-03,2025-02-10,84.1,Completed,4500000.0
TRG0110,EMP154,Tư duy Dịch vụ Khách hàng Xuất sắc,Kỹ năng mềm,2025-03-20,2025-04-01,74.7,Completed,1800000.0
TRG0111,EMP236,Tư duy Dịch vụ Khách hàng Xuất sắc,Kỹ năng mềm,2025-04-16,2025-05-05,77.4,Completed,1800000.0
TRG0112,EMP122,Phân tích Dữ liệu với SQL & Power BI,Kỹ thuật,2025-05-13,2025-05-26,66.7,Completed,3500000.0
TRG0113,EMP050,Kỹ năng Lãnh đạo Đội ngũ Hiệu suất cao,Lãnh đạo,2025-05-09,2025-05-21,72.0,Completed,6500000.0
TRG0114,EMP153,An toàn Thông tin & Tuân thủ ISO 27001,Tuân thủ,2025-08-17,2025-09-04,88.7,Completed,2000000.0
TRG0115,EMP060,Ứng dụng AI & Prompt Engineering trong Giáo dục,Kỹ thuật,2025-03-05,2025-03-14,79.5,Completed,4500000.0
TRG0116,EMP108,Ứng dụng AI & Prompt Engineering trong Giáo dục,Kỹ thuật,2025-09-02,2025-09-19,,In Progress,4500000.0
TRG0117,EMP215,Ứng dụng AI & Prompt Engineering trong Giáo dục,Kỹ thuật,2025-09-10,2025-09-21,,In Progress,4500000.0
TRG0118,EMP119,Python Nâng cao cho Tự động hóa Quy trình,Kỹ thuật,2025-08-06,2025-08-22,,In Progress,4000000.0
TRG0119,EMP100,Quản trị Dự án Agile/Scrum Chuẩn Quốc tế,Lãnh đạo,2025-08-15,2025-09-07,66.4,Completed,5000000.0
TRG0120,EMP158,Python Nâng cao cho Tự động hóa Quy trình,Kỹ thuật,2025-09-09,2025-09-27,,Dropped,4000000.0
TRG0121,EMP157,An toàn Thông tin & Tuân thủ ISO 27001,Tuân thủ,2025-06-08,2025-06-20,88.5,Completed,2000000.0
TRG0122,EMP036,Tư duy Dịch vụ Khách hàng Xuất sắc,Kỹ năng mềm,2025-05-15,2025-06-04,94.0,Completed,1800000.0
TRG0123,EMP223,Phân tích Dữ liệu với SQL & Power BI,Kỹ thuật,2025-05-16,2025-06-03,83.4,Completed,3500000.0
TRG0124,EMP073,Phân tích Dữ liệu với SQL & Power BI,Kỹ thuật,2025-06-05,2025-06-08,41.7,Dropped,3500000.0
TRG0125,EMP021,An toàn Thông tin & Tuân thủ ISO 27001,Tuân thủ,2025-09-12,2025-09-21,67.5,Completed,2000000.0
TRG0126,EMP194,Python Nâng cao cho Tự động hóa Quy trình,Kỹ thuật,2025-05-07,2025-05-11,66.9,Completed,4000000.0
TRG0127,EMP009,Phân tích Dữ liệu với SQL & Power BI,Kỹ thuật,2025-06-02,2025-06-18,76.8,Completed,3500000.0
TRG0128,EMP130,Kỹ năng Trình bày & Giảng dạy Truyền cảm hứng,Kỹ năng mềm,2025-05-10,2025-05-21,82.3,Completed,2500000.0
TRG0129,EMP246,Tư duy Dịch vụ Khách hàng Xuất sắc,Kỹ năng mềm,2025-08-12,2025-08-22,70.9,Completed,1800000.0
TRG0130,EMP052,Kỹ năng Trình bày & Giảng dạy Truyền cảm hứng,Kỹ năng mềm,2025-08-14,2025-08-18,95.2,Completed,2500000.0
TRG0131,EMP172,Phân tích Dữ liệu với SQL & Power BI,Kỹ thuật,2025-02-09,2025-02-26,98.0,Completed,3500000.0
TRG0132,EMP189,Ứng dụng AI & Prompt Engineering trong Giáo dục,Kỹ thuật,2025-03-02,2025-03-12,84.3,Completed,4500000.0
TRG0133,EMP193,Tư duy Dịch vụ Khách hàng Xuất sắc,Kỹ năng mềm,2025-08-03,2025-08-08,90.3,Completed,1800000.0
TRG0134,EMP129,Kỹ năng Lãnh đạo Đội ngũ Hiệu suất cao,Lãnh đạo,2025-07-03,2025-07-08,87.5,Completed,6500000.0
TRG0135,EMP082,Quản trị Dự án Agile/Scrum Chuẩn Quốc tế,Lãnh đạo,2025-09-09,2025-09-24,75.3,Completed,5000000.0
TRG0136,EMP079,Python Nâng cao cho Tự động hóa Quy trình,Kỹ thuật,2025-09-14,2025-09-19,90.2,Completed,4000000.0
TRG0137,EMP105,Python Nâng cao cho Tự động hóa Quy trình,Kỹ thuật,2025-02-09,2025-02-26,78.6,Completed,4000000.0
TRG0138,EMP172,Kỹ năng Lãnh đạo Đội ngũ Hiệu suất cao,Lãnh đạo,2025-04-20,2025-04-23,88.5,Completed,6500000.0
TRG0139,EMP095,Kỹ năng Lãnh đạo Đội ngũ Hiệu suất cao,Lãnh đạo,2025-07-20,2025-08-13,82.4,Completed,6500000.0
TRG0140,EMP159,Ứng dụng AI & Prompt Engineering trong Giáo dục,Kỹ thuật,2025-06-06,2025-06-16,65.1,Completed,4500000.0
TRG0141,EMP047,Kỹ năng Trình bày & Giảng dạy Truyền cảm hứng,Kỹ năng mềm,2025-09-14,2025-09-26,,In Progress,2500000.0
TRG0142,EMP081,An toàn Thông tin & Tuân thủ ISO 27001,Tuân thủ,2025-09-08,2025-09-28,95.2,Completed,2000000.0
TRG0143,EMP018,An toàn Thông tin & Tuân thủ ISO 27001,Tuân thủ,2025-02-12,2025-02-17,67.9,Completed,2000000.0
TRG0144,EMP100,Kỹ năng Lãnh đạo Đội ngũ Hiệu suất cao,Lãnh đạo,2025-02-10,2025-02-28,93.6,Completed,6500000.0
TRG0145,EMP055,Ứng dụng AI & Prompt Engineering trong Giáo dục,Kỹ thuật,2025-06-15,2025-07-06,73.6,Completed,4500000.0
TRG0146,EMP077,An toàn Thông tin & Tuân thủ ISO 27001,Tuân thủ,2025-04-01,2025-04-10,73.7,Completed,2000000.0
TRG0147,EMP027,Phân tích Dữ liệu với SQL & Power BI,Kỹ thuật,2025-04-08,2025-04-27,72.4,Completed,3500000.0
TRG0148,EMP092,Ứng dụng AI & Prompt Engineering trong Giáo dục,Kỹ thuật,2025-08-14,2025-08-26,,In Progress,4500000.0
TRG0149,EMP222,Python Nâng cao cho Tự động hóa Quy trình,Kỹ thuật,2025-09-10,2025-09-16,97.0,Completed,4000000.0
TRG0150,EMP236,Tư duy Dịch vụ Khách hàng Xuất sắc,Kỹ năng mềm,2025-03-17,2025-03-26,76.7,Completed,1800000.0
TRG0151,EMP096,Quản trị Dự án Agile/Scrum Chuẩn Quốc tế,Lãnh đạo,2025-06-14,2025-06-27,67.6,Completed,5000000.0
TRG0152,EMP054,Tư duy Dịch vụ Khách hàng Xuất sắc,Kỹ năng mềm,2025-04-04,2025-04-22,75.8,Completed,1800000.0
TRG0153,EMP225,Phân tích Dữ liệu với SQL & Power BI,Kỹ thuật,2025-06-03,2025-06-11,,Dropped,3500000.0
TRG0154,EMP097,Tư duy Dịch vụ Khách hàng Xuất sắc,Kỹ năng mềm,2025-07-17,2025-07-23,76.4,Completed,1800000.0
TRG0155,EMP159,Kỹ năng Trình bày & Giảng dạy Truyền cảm hứng,Kỹ năng mềm,2025-05-18,2025-05-27,,In Progress,2500000.0
TRG0156,EMP025,Quản trị Dự án Agile/Scrum Chuẩn Quốc tế,Lãnh đạo,2025-06-18,2025-07-11,94.4,Completed,5000000.0
TRG0157,EMP196,Phân tích Dữ liệu với SQL & Power BI,Kỹ thuật,2025-02-07,2025-02-27,73.5,Completed,3500000.0
TRG0158,EMP099,Quản trị Dự án Agile/Scrum Chuẩn Quốc tế,Lãnh đạo,2025-06-05,2025-06-13,70.2,Completed,5000000.0
TRG0159,EMP177,Tư duy Dịch vụ Khách hàng Xuất sắc,Kỹ năng mềm,2025-09-08,2025-09-12,89.3,Completed,1800000.0
TRG0160,EMP027,Kỹ năng Trình bày & Giảng dạy Truyền cảm hứng,Kỹ năng mềm,2025-03-17,2025-04-02,94.9,Completed,2500000.0
TRG0161,EMP076,Ứng dụng AI & Prompt Engineering trong Giáo dục,Kỹ thuật,2025-03-10,2025-03-25,73.2,Completed,4500000.0
TRG0162,EMP086,Tư duy Dịch vụ Khách hàng Xuất sắc,Kỹ năng mềm,2025-07-07,2025-07-11,31.0,Dropped,1800000.0
TRG0163,EMP016,An toàn Thông tin & Tuân thủ ISO 27001,Tuân thủ,2025-06-01,2025-06-18,67.9,Completed,2000000.0
TRG0164,EMP183,Ứng dụng AI & Prompt Engineering trong Giáo dục,Kỹ thuật,2025-02-20,2025-03-08,83.1,Completed,4500000.0
TRG0165,EMP170,Tư duy Dịch vụ Khách hàng Xuất sắc,Kỹ năng mềm,2025-07-15,2025-08-03,88.4,Completed,1800000.0
TRG0166,EMP061,An toàn Thông tin & Tuân thủ ISO 27001,Tuân thủ,2025-07-10,2025-07-16,89.5,Completed,2000000.0
TRG0167,EMP048,Ứng dụng AI & Prompt Engineering trong Giáo dục,Kỹ thuật,2025-04-14,2025-04-25,66.8,Completed,4500000.0
TRG0168,EMP079,Ứng dụng AI & Prompt Engineering trong Giáo dục,Kỹ thuật,2025-03-01,2025-03-17,,Dropped,4500000.0
TRG0169,EMP192,Kỹ năng Lãnh đạo Đội ngũ Hiệu suất cao,Lãnh đạo,2025-08-20,2025-08-10,94.5,Completed,6500000.0
TRG0170,EMP228,Kỹ năng Trình bày & Giảng dạy Truyền cảm hứng,Kỹ năng mềm,2025-04-09,2025-04-16,69.1,Completed,2500000.0
TRG0171,EMP138,Kỹ năng Trình bày & Giảng dạy Truyền cảm hứng,Kỹ năng mềm,2025-08-17,2025-08-24,67.8,Completed,2500000.0
TRG0172,EMP208,Python Nâng cao cho Tự động hóa Quy trình,Kỹ thuật,2025-07-13,2025-07-21,77.6,Completed,4000000.0
TRG0173,EMP159,Kỹ năng Lãnh đạo Đội ngũ Hiệu suất cao,Lãnh đạo,2025-04-01,2025-04-20,73.9,Completed,6500000.0
TRG0174,EMP147,Ứng dụng AI & Prompt Engineering trong Giáo dục,Kỹ thuật,2025-02-01,2025-02-15,69.6,Completed,4500000.0
TRG0175,EMP205,Tư duy Dịch vụ Khách hàng Xuất sắc,Kỹ năng mềm,2025-09-05,2025-09-12,80.0,Completed,1800000.0
TRG0176,EMP181,Quản trị Dự án Agile/Scrum Chuẩn Quốc tế,Lãnh đạo,2025-04-05,2025-04-08,86.3,Completed,5000000.0
TRG0177,EMP119,An toàn Thông tin & Tuân thủ ISO 27001,Tuân thủ,2025-07-20,2025-08-10,73.4,Completed,2000000.0
TRG0178,EMP049,Python Nâng cao cho Tự động hóa Quy trình,Kỹ thuật,2025-03-05,2025-03-19,76.0,Completed,4000000.0
TRG0179,EMP231,Phân tích Dữ liệu với SQL & Power BI,Kỹ thuật,2025-07-17,2025-07-20,69.9,Completed,3500000.0
TRG0180,EMP162,Kỹ năng Lãnh đạo Đội ngũ Hiệu suất cao,Lãnh đạo,2025-02-13,2025-02-17,65.9,Completed,6500000.0
TRG0181,EMP203,Kỹ năng Trình bày & Giảng dạy Truyền cảm hứng,Kỹ năng mềm,2025-06-01,2025-06-17,93.0,Completed,2500000.0
TRG0182,EMP227,Python Nâng cao cho Tự động hóa Quy trình,Kỹ thuật,2025-06-15,2025-07-02,85.0,Completed,4000000.0
TRG0183,EMP088,Phân tích Dữ liệu với SQL & Power BI,Kỹ thuật,2025-02-09,2025-02-14,97.1,Completed,3500000.0
TRG0184,EMP150,Tư duy Dịch vụ Khách hàng Xuất sắc,Kỹ năng mềm,2025-08-13,2025-08-24,68.1,Completed,1800000.0
TRG0185,EMP100,Tư duy Dịch vụ Khách hàng Xuất sắc,Kỹ năng mềm,2025-07-14,2025-07-21,83.4,Completed,1800000.0
TRG0186,EMP136,Python Nâng cao cho Tự động hóa Quy trình,Kỹ thuật,2025-08-12,2025-08-28,95.1,Completed,4000000.0
TRG0187,EMP158,Quản trị Dự án Agile/Scrum Chuẩn Quốc tế,Lãnh đạo,2025-03-07,2025-03-22,66.7,Completed,5000000.0
TRG0188,EMP166,Kỹ năng Trình bày & Giảng dạy Truyền cảm hứng,Kỹ năng mềm,2025-04-19,2025-04-22,,In Progress,2500000.0
TRG0189,EMP026,Quản trị Dự án Agile/Scrum Chuẩn Quốc tế,Lãnh đạo,2025-08-01,2025-08-12,84.4,Completed,5000000.0
TRG0190,EMP171,Python Nâng cao cho Tự động hóa Quy trình,Kỹ thuật,2025-03-19,2025-03-22,65.6,Completed,4000000.0
TRG0191,EMP085,Ứng dụng AI & Prompt Engineering trong Giáo dục,Kỹ thuật,2025-06-17,2025-07-10,90.3,Completed,4500000.0
TRG0192,EMP187,Quản trị Dự án Agile/Scrum Chuẩn Quốc tế,Lãnh đạo,2025-04-19,2025-05-03,84.4,Completed,5000000.0
TRG0193,EMP193,Ứng dụng AI & Prompt Engineering trong Giáo dục,Kỹ thuật,2025-06-15,2025-07-08,96.6,Completed,4500000.0
TRG0194,EMP060,An toàn Thông tin & Tuân thủ ISO 27001,Tuân thủ,2025-09-05,2025-09-25,76.8,Completed,2000000.0
TRG0195,EMP024,Kỹ năng Lãnh đạo Đội ngũ Hiệu suất cao,Lãnh đạo,2025-09-07,2025-09-11,75.9,Completed,6500000.0
TRG0196,EMP057,Kỹ năng Trình bày & Giảng dạy Truyền cảm hứng,Kỹ năng mềm,2025-08-16,2025-08-19,73.4,Completed,2500000.0
TRG0197,EMP131,Kỹ năng Lãnh đạo Đội ngũ Hiệu suất cao,Lãnh đạo,2025-08-11,2025-08-26,69.9,Completed,6500000.0
TRG0198,EMP229,Kỹ năng Trình bày & Giảng dạy Truyền cảm hứng,Kỹ năng mềm,2025-07-18,2025-07-26,,In Progress,2500000.0
TRG0199,EMP041,Kỹ năng Trình bày & Giảng dạy Truyền cảm hứng,Kỹ năng mềm,2025-02-04,2025-02-23,73.1,Completed,2500000.0
TRG0200,EMP054,Phân tích Dữ liệu với SQL & Power BI,Kỹ thuật,2025-08-17,2025-09-08,82.7,Completed,3500000.0
TRG0201,EMP077,Kỹ năng Lãnh đạo Đội ngũ Hiệu suất cao,Lãnh đạo,2025-09-14,2025-10-04,85.2,Completed,6500000.0
TRG0202,EMP103,An toàn Thông tin & Tuân thủ ISO 27001,Tuân thủ,2025-07-18,2025-07-28,73.9,Completed,2000000.0
TRG0203,EMP072,Tư duy Dịch vụ Khách hàng Xuất sắc,Kỹ năng mềm,2025-09-11,2025-09-18,76.8,Completed,1800000.0
TRG0204,EMP052,Ứng dụng AI & Prompt Engineering trong Giáo dục,Kỹ thuật,2025-09-11,2025-09-25,88.4,Completed,4500000.0
TRG0205,EMP154,Kỹ năng Trình bày & Giảng dạy Truyền cảm hứng,Kỹ năng mềm,2025-09-09,2025-10-01,96.9,Completed,2500000.0
TRG0206,EMP023,Ứng dụng AI & Prompt Engineering trong Giáo dục,Kỹ thuật,2025-06-17,2025-07-04,97.4,Completed,4500000.0
TRG0207,EMP041,Kỹ năng Lãnh đạo Đội ngũ Hiệu suất cao,Lãnh đạo,2025-09-11,2025-09-17,86.5,Completed,6500000.0
TRG0208,EMP203,Python Nâng cao cho Tự động hóa Quy trình,Kỹ thuật,2025-08-09,2025-08-22,85.2,Completed,4000000.0
TRG0209,EMP092,Tư duy Dịch vụ Khách hàng Xuất sắc,Kỹ năng mềm,2025-03-12,2025-03-28,68.7,Completed,1800000.0
TRG0210,EMP104,Python Nâng cao cho Tự động hóa Quy trình,Kỹ thuật,2025-08-08,2025-08-11,,In Progress,4000000.0
TRG0211,EMP013,Quản trị Dự án Agile/Scrum Chuẩn Quốc tế,Lãnh đạo,2025-07-17,2025-07-25,68.6,Completed,5000000.0
TRG0212,EMP201,Quản trị Dự án Agile/Scrum Chuẩn Quốc tế,Lãnh đạo,2025-02-03,2025-02-16,86.5,Completed,5000000.0
TRG0213,EMP040,Kỹ năng Trình bày & Giảng dạy Truyền cảm hứng,Kỹ năng mềm,2025-06-05,2025-06-12,90.1,Completed,2500000.0
TRG0214,EMP203,Quản trị Dự án Agile/Scrum Chuẩn Quốc tế,Lãnh đạo,2025-06-20,2025-06-28,78.5,Completed,5000000.0
TRG0215,EMP013,An toàn Thông tin & Tuân thủ ISO 27001,Tuân thủ,2025-08-02,2025-08-07,93.9,Completed,2000000.0
TRG0216,EMP249,Phân tích Dữ liệu với SQL & Power BI,Kỹ thuật,2025-06-01,2025-06-10,74.9,Completed,3500000.0
TRG0217,EMP002,Ứng dụng AI & Prompt Engineering trong Giáo dục,Kỹ thuật,2025-07-08,2025-07-25,77.4,Completed,4500000.0
TRG0218,EMP226,Kỹ năng Lãnh đạo Đội ngũ Hiệu suất cao,Lãnh đạo,2025-08-16,2025-08-22,,In Progress,6500000.0
TRG0219,EMP084,An toàn Thông tin & Tuân thủ ISO 27001,Tuân thủ,2025-06-14,2025-06-17,84.3,Completed,2000000.0
TRG0220,EMP229,Kỹ năng Lãnh đạo Đội ngũ Hiệu suất cao,Lãnh đạo,2025-02-20,2025-03-08,73.8,Completed,6500000.0
TRG0221,EMP192,Kỹ năng Lãnh đạo Đội ngũ Hiệu suất cao,Lãnh đạo,2025-04-16,2025-04-23,76.0,Completed,6500000.0
TRG0222,EMP053,Kỹ năng Lãnh đạo Đội ngũ Hiệu suất cao,Lãnh đạo,2025-06-20,2025-07-13,84.8,Completed,6500000.0
TRG0223,EMP040,Tư duy Dịch vụ Khách hàng Xuất sắc,Kỹ năng mềm,2025-08-15,2025-08-22,77.0,Completed,1800000.0
TRG0224,EMP011,Kỹ năng Trình bày & Giảng dạy Truyền cảm hứng,Kỹ năng mềm,2025-03-12,2025-03-25,93.0,Completed,2500000.0
TRG0225,EMP167,Quản trị Dự án Agile/Scrum Chuẩn Quốc tế,Lãnh đạo,2025-05-01,2025-05-19,93.9,Completed,5000000.0
TRG0226,EMP141,Kỹ năng Trình bày & Giảng dạy Truyền cảm hứng,Kỹ năng mềm,2025-03-06,2025-03-21,73.6,Completed,2500000.0
TRG0227,EMP242,Tư duy Dịch vụ Khách hàng Xuất sắc,Kỹ năng mềm,2025-08-16,2025-09-07,89.7,Completed,1800000.0
TRG0228,EMP001,Python Nâng cao cho Tự động hóa Quy trình,Kỹ thuật,2025-02-16,2025-03-01,90.8,Completed,4000000.0
TRG0229,EMP145,Ứng dụng AI & Prompt Engineering trong Giáo dục,Kỹ thuật,2025-03-15,2025-04-05,67.3,Completed,4500000.0
TRG0230,EMP147,An toàn Thông tin & Tuân thủ ISO 27001,Tuân thủ,2025-06-04,2025-06-16,70.5,Completed,2000000.0
TRG0231,EMP053,Ứng dụng AI & Prompt Engineering trong Giáo dục,Kỹ thuật,2025-08-09,2025-09-01,90.1,Completed,4500000.0
TRG0232,EMP195,Quản trị Dự án Agile/Scrum Chuẩn Quốc tế,Lãnh đạo,2025-07-19,2025-08-09,79.7,Completed,5000000.0
TRG0233,EMP090,Kỹ năng Lãnh đạo Đội ngũ Hiệu suất cao,Lãnh đạo,2025-07-19,2025-07-23,76.9,Completed,6500000.0
TRG0234,EMP078,An toàn Thông tin & Tuân thủ ISO 27001,Tuân thủ,2025-05-10,2025-05-20,41.8,Dropped,2000000.0
TRG0235,EMP127,Ứng dụng AI & Prompt Engineering trong Giáo dục,Kỹ thuật,2025-07-14,2025-08-07,69.6,Completed,4500000.0
TRG0236,EMP001,An toàn Thông tin & Tuân thủ ISO 27001,Tuân thủ,2025-02-16,2025-03-03,,In Progress,2000000.0
TRG0237,EMP178,Quản trị Dự án Agile/Scrum Chuẩn Quốc tế,Lãnh đạo,2025-06-04,2025-06-18,84.6,Completed,5000000.0
TRG0238,EMP120,Ứng dụng AI & Prompt Engineering trong Giáo dục,Kỹ thuật,2025-02-02,2025-02-08,76.0,Completed,4500000.0
TRG0239,EMP065,Python Nâng cao cho Tự động hóa Quy trình,Kỹ thuật,2025-09-08,2025-09-20,73.7,Completed,4000000.0
TRG0240,EMP170,Ứng dụng AI & Prompt Engineering trong Giáo dục,Kỹ thuật,2025-06-18,2025-07-08,76.6,Completed,4500000.0
TRG0241,EMP094,Python Nâng cao cho Tự động hóa Quy trình,Kỹ thuật,2025-07-13,2025-07-24,76.3,Completed,4000000.0
TRG0242,EMP166,Python Nâng cao cho Tự động hóa Quy trình,Kỹ thuật,2025-06-04,2025-06-19,93.9,Completed,4000000.0
TRG0243,EMP096,Python Nâng cao cho Tự động hóa Quy trình,Kỹ thuật,2025-05-20,2025-06-05,93.4,Completed,4000000.0
TRG0244,EMP138,Tư duy Dịch vụ Khách hàng Xuất sắc,Kỹ năng mềm,2025-07-12,2025-08-04,90.6,Completed,1800000.0
TRG0245,EMP192,Tư duy Dịch vụ Khách hàng Xuất sắc,Kỹ năng mềm,2025-09-20,2025-10-04,77.0,Completed,1800000.0
TRG0246,EMP129,Ứng dụng AI & Prompt Engineering trong Giáo dục,Kỹ thuật,2025-08-13,2025-08-17,94.6,Completed,4500000.0
TRG0247,EMP136,An toàn Thông tin & Tuân thủ ISO 27001,Tuân thủ,2025-03-07,2025-03-23,72.0,Completed,2000000.0
TRG0248,EMP189,An toàn Thông tin & Tuân thủ ISO 27001,Tuân thủ,2025-09-01,2025-09-13,68.4,Completed,2000000.0
TRG0249,EMP103,Python Nâng cao cho Tự động hóa Quy trình,Kỹ thuật,2025-03-09,2025-03-27,81.1,Completed,4000000.0
TRG0250,EMP208,Quản trị Dự án Agile/Scrum Chuẩn Quốc tế,Lãnh đạo,2025-06-04,2025-06-24,75.5,Completed,5000000.0
TRG0251,EMP088,Phân tích Dữ liệu với SQL & Power BI,Kỹ thuật,2025-05-16,2025-05-28,90.3,Completed,3500000.0
TRG0252,EMP010,Ứng dụng AI & Prompt Engineering trong Giáo dục,Kỹ thuật,2025-09-01,2025-09-10,77.8,Completed,4500000.0
TRG0253,EMP005,Ứng dụng AI & Prompt Engineering trong Giáo dục,Kỹ thuật,2025-09-12,2025-09-15,66.3,Completed,4500000.0
TRG0254,EMP027,Python Nâng cao cho Tự động hóa Quy trình,Kỹ thuật,2025-02-13,2025-03-02,86.3,Completed,4000000.0
TRG0255,EMP148,Phân tích Dữ liệu với SQL & Power BI,Kỹ thuật,2025-09-18,2025-10-06,70.9,Completed,3500000.0
TRG0256,EMP136,Tư duy Dịch vụ Khách hàng Xuất sắc,Kỹ năng mềm,2025-07-04,2025-07-19,,In Progress,1800000.0
TRG0257,EMP040,Ứng dụng AI & Prompt Engineering trong Giáo dục,Kỹ thuật,2025-07-19,2025-08-01,90.4,Completed,4500000.0
TRG0258,EMP237,Kỹ năng Lãnh đạo Đội ngũ Hiệu suất cao,Lãnh đạo,2025-09-13,2025-09-23,71.5,Completed,6500000.0
TRG0259,EMP110,Python Nâng cao cho Tự động hóa Quy trình,Kỹ thuật,2025-05-12,2025-05-26,84.6,Completed,4000000.0
TRG0260,EMP012,Python Nâng cao cho Tự động hóa Quy trình,Kỹ thuật,2025-02-15,2025-02-22,82.8,Completed,4000000.0
TRG0261,EMP070,Ứng dụng AI & Prompt Engineering trong Giáo dục,Kỹ thuật,2025-05-08,2025-05-22,89.9,Completed,4500000.0
TRG0262,EMP157,Phân tích Dữ liệu với SQL & Power BI,Kỹ thuật,2025-03-09,2025-03-18,80.4,Completed,3500000.0
TRG0263,EMP220,An toàn Thông tin & Tuân thủ ISO 27001,Tuân thủ,2025-04-16,2025-04-28,40.1,Dropped,2000000.0
TRG0264,EMP173,Quản trị Dự án Agile/Scrum Chuẩn Quốc tế,Lãnh đạo,2025-07-16,2025-08-09,90.4,Completed,5000000.0
TRG0265,EMP227,Ứng dụng AI & Prompt Engineering trong Giáo dục,Kỹ thuật,2025-06-17,2025-06-20,90.3,Completed,4500000.0
TRG0266,EMP250,Phân tích Dữ liệu với SQL & Power BI,Kỹ thuật,2025-02-15,2025-02-25,90.5,Completed,3500000.0
TRG0267,EMP112,Tư duy Dịch vụ Khách hàng Xuất sắc,Kỹ năng mềm,2025-04-13,2025-04-16,97.2,Completed,1800000.0
TRG0268,EMP088,Kỹ năng Trình bày & Giảng dạy Truyền cảm hứng,Kỹ năng mềm,2025-08-08,2025-08-26,96.2,Completed,2500000.0
TRG0269,EMP182,Ứng dụng AI & Prompt Engineering trong Giáo dục,Kỹ thuật,2025-04-17,2025-05-08,96.0,Completed,4500000.0
TRG0270,EMP027,Ứng dụng AI & Prompt Engineering trong Giáo dục,Kỹ thuật,2025-04-05,2025-04-14,70.5,Completed,4500000.0
TRG0271,EMP068,Kỹ năng Trình bày & Giảng dạy Truyền cảm hứng,Kỹ năng mềm,2025-07-06,2025-07-21,68.6,Completed,2500000.0
TRG0272,EMP126,Kỹ năng Trình bày & Giảng dạy Truyền cảm hứng,Kỹ năng mềm,2025-07-20,2025-08-04,90.0,Completed,2500000.0
TRG0273,EMP082,Python Nâng cao cho Tự động hóa Quy trình,Kỹ thuật,2025-06-09,2025-06-24,,In Progress,4000000.0
TRG0274,EMP180,Quản trị Dự án Agile/Scrum Chuẩn Quốc tế,Lãnh đạo,2025-04-12,2025-04-25,95.5,Completed,5000000.0
TRG0275,EMP029,Ứng dụng AI & Prompt Engineering trong Giáo dục,Kỹ thuật,2025-07-03,2025-07-12,79.9,Completed,4500000.0
TRG0276,EMP131,Phân tích Dữ liệu với SQL & Power BI,Kỹ thuật,2025-07-05,2025-07-09,92.2,Completed,3500000.0
TRG0277,EMP165,Ứng dụng AI & Prompt Engineering trong Giáo dục,Kỹ thuật,2025-05-15,2025-06-03,90.8,Completed,4500000.0
TRG0278,EMP138,An toàn Thông tin & Tuân thủ ISO 27001,Tuân thủ,2025-09-03,2025-09-14,69.4,Completed,2000000.0
TRG0279,EMP008,Ứng dụng AI & Prompt Engineering trong Giáo dục,Kỹ thuật,2025-06-17,2025-06-27,75.7,Completed,4500000.0
TRG0280,EMP250,Phân tích Dữ liệu với SQL & Power BI,Kỹ thuật,2025-03-04,2025-03-12,82.9,Completed,3500000.0
TRG0281,EMP234,Kỹ năng Lãnh đạo Đội ngũ Hiệu suất cao,Lãnh đạo,2025-02-07,2025-02-10,94.0,Completed,6500000.0
TRG0282,EMP102,An toàn Thông tin & Tuân thủ ISO 27001,Tuân thủ,2025-09-16,2025-09-20,65.3,Completed,2000000.0
TRG0283,EMP108,Python Nâng cao cho Tự động hóa Quy trình,Kỹ thuật,2025-08-04,2025-08-24,80.3,Completed,4000000.0
TRG0284,EMP037,Tư duy Dịch vụ Khách hàng Xuất sắc,Kỹ năng mềm,2025-02-16,2025-03-04,87.7,Completed,1800000.0
TRG0285,EMP017,Kỹ năng Lãnh đạo Đội ngũ Hiệu suất cao,Lãnh đạo,2025-04-04,2025-04-22,74.3,Completed,6500000.0
TRG0286,EMP135,Kỹ năng Lãnh đạo Đội ngũ Hiệu suất cao,Lãnh đạo,2025-02-10,2025-02-16,91.9,Completed,6500000.0
TRG0287,EMP057,Phân tích Dữ liệu với SQL & Power BI,Kỹ thuật,2025-05-06,2025-05-21,86.6,Completed,3500000.0
TRG0288,EMP204,Kỹ năng Lãnh đạo Đội ngũ Hiệu suất cao,Lãnh đạo,2025-06-20,2025-07-08,68.6,Completed,6500000.0
TRG0289,EMP157,Ứng dụng AI & Prompt Engineering trong Giáo dục,Kỹ thuật,2025-08-02,2025-08-15,87.6,Completed,4500000.0
TRG0290,EMP060,Phân tích Dữ liệu với SQL & Power BI,Kỹ thuật,2025-08-09,2025-09-02,83.6,Completed,3500000.0
TRG0291,EMP182,Python Nâng cao cho Tự động hóa Quy trình,Kỹ thuật,2025-02-08,2025-02-20,91.9,Completed,4000000.0
TRG0292,EMP030,Python Nâng cao cho Tự động hóa Quy trình,Kỹ thuật,2025-02-04,2025-02-24,93.5,Completed,4000000.0
TRG0293,EMP144,Ứng dụng AI & Prompt Engineering trong Giáo dục,Kỹ thuật,2025-05-13,2025-06-05,77.9,Completed,4500000.0
TRG0294,EMP245,Phân tích Dữ liệu với SQL & Power BI,Kỹ thuật,2025-09-09,2025-09-17,76.0,Completed,3500000.0
TRG0295,EMP064,Ứng dụng AI & Prompt Engineering trong Giáo dục,Kỹ thuật,2025-05-13,2025-05-20,76.3,Completed,4500000.0
TRG0296,EMP044,Kỹ năng Lãnh đạo Đội ngũ Hiệu suất cao,Lãnh đạo,2025-02-05,2025-02-13,83.9,Completed,6500000.0
TRG0297,EMP238,Phân tích Dữ liệu với SQL & Power BI,Kỹ thuật,2025-09-12,2025-09-23,69.7,Completed,3500000.0
TRG0298,EMP216,Quản trị Dự án Agile/Scrum Chuẩn Quốc tế,Lãnh đạo,2025-05-12,2025-06-04,81.6,Completed,5000000.0
TRG0299,EMP077,Quản trị Dự án Agile/Scrum Chuẩn Quốc tế,Lãnh đạo,2025-03-01,2025-03-17,72.9,Completed,5000000.0
TRG0300,EMP206,Tư duy Dịch vụ Khách hàng Xuất sắc,Kỹ năng mềm,2025-03-16,2025-03-28,73.4,Completed,1800000.0
TRG0301,EMP147,Quản trị Dự án Agile/Scrum Chuẩn Quốc tế,Lãnh đạo,2025-07-04,2025-07-07,,In Progress,5000000.0
TRG0302,EMP189,Ứng dụng AI & Prompt Engineering trong Giáo dục,Kỹ thuật,2025-06-02,2025-06-07,82.9,Completed,4500000.0
TRG0303,EMP049,Ứng dụng AI & Prompt Engineering trong Giáo dục,Kỹ thuật,2025-07-12,2025-08-03,,Dropped,4500000.0
TRG0304,EMP124,Phân tích Dữ liệu với SQL & Power BI,Kỹ thuật,2025-05-11,2025-05-28,95.7,Completed,3500000.0
TRG0305,EMP021,Python Nâng cao cho Tự động hóa Quy trình,Kỹ thuật,2025-02-07,2025-02-11,81.5,Completed,4000000.0
TRG0306,EMP233,Phân tích Dữ liệu với SQL & Power BI,Kỹ thuật,2025-06-03,2025-06-10,95.8,Completed,3500000.0
TRG0307,EMP098,Phân tích Dữ liệu với SQL & Power BI,Kỹ thuật,2025-07-03,2025-07-18,91.7,Completed,3500000.0
TRG0308,EMP195,Tư duy Dịch vụ Khách hàng Xuất sắc,Kỹ năng mềm,2025-05-08,2025-05-25,73.5,Completed,1800000.0
TRG0309,EMP194,Python Nâng cao cho Tự động hóa Quy trình,Kỹ thuật,2025-08-15,2025-09-04,,In Progress,4000000.0
TRG0310,EMP112,Phân tích Dữ liệu với SQL & Power BI,Kỹ thuật,2025-02-13,2025-02-24,75.7,Completed,3500000.0
TRG0311,EMP245,Python Nâng cao cho Tự động hóa Quy trình,Kỹ thuật,2025-05-03,2025-05-21,66.5,Completed,4000000.0
TRG0312,EMP058,Kỹ năng Trình bày & Giảng dạy Truyền cảm hứng,Kỹ năng mềm,2025-06-19,2025-07-07,88.8,Completed,2500000.0
TRG0313,EMP116,Tư duy Dịch vụ Khách hàng Xuất sắc,Kỹ năng mềm,2025-09-09,2025-09-22,65.0,Completed,1800000.0
TRG0314,EMP139,An toàn Thông tin & Tuân thủ ISO 27001,Tuân thủ,2025-02-19,2025-03-03,97.4,Completed,2000000.0
TRG0315,EMP186,Quản trị Dự án Agile/Scrum Chuẩn Quốc tế,Lãnh đạo,2025-03-18,2025-03-23,51.4,Dropped,5000000.0
TRG0316,EMP217,An toàn Thông tin & Tuân thủ ISO 27001,Tuân thủ,2025-04-16,2025-04-20,90.7,Completed,2000000.0
TRG0317,EMP150,Tư duy Dịch vụ Khách hàng Xuất sắc,Kỹ năng mềm,2025-06-16,2025-07-04,68.5,Completed,1800000.0
TRG0318,EMP014,Python Nâng cao cho Tự động hóa Quy trình,Kỹ thuật,2025-09-13,2025-09-25,,In Progress,4000000.0
TRG0319,EMP093,An toàn Thông tin & Tuân thủ ISO 27001,Tuân thủ,2025-07-14,2025-07-27,81.9,Completed,2000000.0
TRG0320,EMP203,Python Nâng cao cho Tự động hóa Quy trình,Kỹ thuật,2025-04-06,2025-04-21,71.9,Completed,4000000.0
TRG0321,EMP130,Tư duy Dịch vụ Khách hàng Xuất sắc,Kỹ năng mềm,2025-06-01,2025-06-10,85.1,Completed,1800000.0
TRG0322,EMP067,Kỹ năng Lãnh đạo Đội ngũ Hiệu suất cao,Lãnh đạo,2025-07-14,2025-07-17,77.5,Completed,6500000.0
TRG0323,EMP152,Kỹ năng Trình bày & Giảng dạy Truyền cảm hứng,Kỹ năng mềm,2025-08-03,2025-08-12,95.7,Completed,2500000.0
TRG0324,EMP201,Python Nâng cao cho Tự động hóa Quy trình,Kỹ thuật,2025-02-20,2025-03-09,,In Progress,4000000.0
TRG0325,EMP228,Python Nâng cao cho Tự động hóa Quy trình,Kỹ thuật,2025-09-20,2025-10-06,90.0,Completed,4000000.0
TRG0326,EMP053,Kỹ năng Lãnh đạo Đội ngũ Hiệu suất cao,Lãnh đạo,2025-04-13,2025-04-23,84.4,Completed,6500000.0
TRG0327,EMP226,Python Nâng cao cho Tự động hóa Quy trình,Kỹ thuật,2025-03-03,2025-03-07,,In Progress,4000000.0
TRG0328,EMP195,Quản trị Dự án Agile/Scrum Chuẩn Quốc tế,Lãnh đạo,2025-07-04,2025-07-11,78.8,Completed,5000000.0
TRG0329,EMP048,Phân tích Dữ liệu với SQL & Power BI,Kỹ thuật,2025-08-18,2025-08-26,70.4,Completed,3500000.0
TRG0330,EMP050,Quản trị Dự án Agile/Scrum Chuẩn Quốc tế,Lãnh đạo,2025-02-05,2025-02-14,95.7,Completed,5000000.0
TRG0331,EMP065,An toàn Thông tin & Tuân thủ ISO 27001,Tuân thủ,2025-08-01,2025-08-16,94.4,Completed,2000000.0
TRG0332,EMP214,Kỹ năng Lãnh đạo Đội ngũ Hiệu suất cao,Lãnh đạo,2025-06-08,2025-06-11,76.3,Completed,6500000.0
TRG0333,EMP034,Quản trị Dự án Agile/Scrum Chuẩn Quốc tế,Lãnh đạo,2025-07-15,2025-08-07,,In Progress,5000000.0
TRG0334,EMP083,Kỹ năng Trình bày & Giảng dạy Truyền cảm hứng,Kỹ năng mềm,2025-06-03,2025-06-10,73.0,Completed,2500000.0
TRG0335,EMP184,Phân tích Dữ liệu với SQL & Power BI,Kỹ thuật,2025-02-13,2025-02-24,94.2,Completed,3500000.0
TRG0336,EMP143,Tư duy Dịch vụ Khách hàng Xuất sắc,Kỹ năng mềm,2025-06-18,2025-07-08,76.2,Completed,1800000.0
TRG0337,EMP028,Ứng dụng AI & Prompt Engineering trong Giáo dục,Kỹ thuật,2025-02-09,2025-02-17,96.8,Completed,4500000.0
TRG0338,EMP232,Kỹ năng Trình bày & Giảng dạy Truyền cảm hứng,Kỹ năng mềm,2025-02-11,2025-02-21,54.8,Dropped,2500000.0
TRG0339,EMP249,Kỹ năng Trình bày & Giảng dạy Truyền cảm hứng,Kỹ năng mềm,2025-07-11,2025-07-14,93.4,Completed,2500000.0
TRG0340,EMP244,Kỹ năng Lãnh đạo Đội ngũ Hiệu suất cao,Lãnh đạo,2025-09-18,2025-10-05,71.0,Completed,6500000.0
TRG0341,EMP059,Kỹ năng Trình bày & Giảng dạy Truyền cảm hứng,Kỹ năng mềm,2025-04-04,2025-04-14,,In Progress,2500000.0
TRG0342,EMP235,Python Nâng cao cho Tự động hóa Quy trình,Kỹ thuật,2025-02-03,2025-02-16,96.8,Completed,4000000.0
TRG0343,EMP237,Quản trị Dự án Agile/Scrum Chuẩn Quốc tế,Lãnh đạo,2025-04-18,2025-05-08,90.6,Completed,5000000.0
TRG0344,EMP041,Python Nâng cao cho Tự động hóa Quy trình,Kỹ thuật,2025-05-03,2025-05-14,91.6,Completed,4000000.0
TRG0345,EMP146,Tư duy Dịch vụ Khách hàng Xuất sắc,Kỹ năng mềm,2025-08-06,2025-08-27,80.6,Completed,1800000.0
TRG0346,EMP171,Kỹ năng Lãnh đạo Đội ngũ Hiệu suất cao,Lãnh đạo,2025-06-10,2025-06-16,72.7,Completed,6500000.0
TRG0347,EMP195,Kỹ năng Trình bày & Giảng dạy Truyền cảm hứng,Kỹ năng mềm,2025-02-16,2025-02-19,67.6,Completed,2500000.0
TRG0348,EMP011,Kỹ năng Trình bày & Giảng dạy Truyền cảm hứng,Kỹ năng mềm,2025-09-10,2025-09-23,70.0,Completed,2500000.0
TRG0349,EMP006,Kỹ năng Trình bày & Giảng dạy Truyền cảm hứng,Kỹ năng mềm,2025-04-01,2025-04-06,81.1,Completed,2500000.0
TRG0350,EMP077,Tư duy Dịch vụ Khách hàng Xuất sắc,Kỹ năng mềm,2025-06-03,2025-06-18,81.4,Completed,1800000.0
TRG0351,EMP036,Ứng dụng AI & Prompt Engineering trong Giáo dục,Kỹ thuật,2025-02-09,2025-02-24,93.9,Completed,4500000.0
TRG0352,EMP082,Phân tích Dữ liệu với SQL & Power BI,Kỹ thuật,2025-03-12,2025-03-20,87.5,Completed,3500000.0
TRG0353,EMP115,An toàn Thông tin & Tuân thủ ISO 27001,Tuân thủ,2025-06-06,2025-06-10,88.8,Completed,2000000.0
TRG0354,EMP015,Python Nâng cao cho Tự động hóa Quy trình,Kỹ thuật,2025-07-10,2025-08-02,,In Progress,4000000.0
TRG0355,EMP207,Quản trị Dự án Agile/Scrum Chuẩn Quốc tế,Lãnh đạo,2025-05-01,2025-05-22,,Dropped,5000000.0
TRG0356,EMP127,Kỹ năng Trình bày & Giảng dạy Truyền cảm hứng,Kỹ năng mềm,2025-05-18,2025-05-27,88.3,Completed,2500000.0
TRG0357,EMP003,Kỹ năng Lãnh đạo Đội ngũ Hiệu suất cao,Lãnh đạo,2025-02-03,2025-02-14,97.3,Completed,6500000.0
TRG0358,EMP040,Quản trị Dự án Agile/Scrum Chuẩn Quốc tế,Lãnh đạo,2025-04-13,2025-05-03,89.5,Completed,5000000.0
TRG0359,EMP137,Tư duy Dịch vụ Khách hàng Xuất sắc,Kỹ năng mềm,2025-03-20,2025-04-09,77.0,Completed,1800000.0
TRG0360,EMP185,Ứng dụng AI & Prompt Engineering trong Giáo dục,Kỹ thuật,2025-08-16,2025-09-06,65.9,Completed,4500000.0
TRG0361,EMP034,Tư duy Dịch vụ Khách hàng Xuất sắc,Kỹ năng mềm,2025-03-19,2025-03-26,93.0,Completed,1800000.0
TRG0362,EMP040,Tư duy Dịch vụ Khách hàng Xuất sắc,Kỹ năng mềm,2025-04-08,2025-04-18,97.0,Completed,1800000.0
TRG0363,EMP116,Phân tích Dữ liệu với SQL & Power BI,Kỹ thuật,2025-06-19,2025-06-28,84.3,Completed,3500000.0
TRG0364,EMP130,Kỹ năng Trình bày & Giảng dạy Truyền cảm hứng,Kỹ năng mềm,2025-03-11,2025-04-03,,Dropped,2500000.0
TRG0365,EMP096,Tư duy Dịch vụ Khách hàng Xuất sắc,Kỹ năng mềm,2025-03-03,2025-03-19,91.5,Completed,1800000.0
TRG0366,EMP166,Python Nâng cao cho Tự động hóa Quy trình,Kỹ thuật,2025-03-10,2025-03-18,,Dropped,4000000.0
TRG0367,EMP120,Tư duy Dịch vụ Khách hàng Xuất sắc,Kỹ năng mềm,2025-09-10,2025-09-16,,Dropped,1800000.0
TRG0368,EMP235,Kỹ năng Trình bày & Giảng dạy Truyền cảm hứng,Kỹ năng mềm,2025-06-18,2025-07-07,84.2,Completed,2500000.0
TRG0369,EMP041,Kỹ năng Lãnh đạo Đội ngũ Hiệu suất cao,Lãnh đạo,2025-04-12,2025-04-17,83.0,Completed,6500000.0
TRG0370,EMP178,Ứng dụng AI & Prompt Engineering trong Giáo dục,Kỹ thuật,2025-04-10,2025-05-03,,Dropped,4500000.0
TRG0371,EMP235,Python Nâng cao cho Tự động hóa Quy trình,Kỹ thuật,2025-09-08,2025-09-24,80.2,Completed,4000000.0
TRG0372,EMP044,An toàn Thông tin & Tuân thủ ISO 27001,Tuân thủ,2025-06-07,2025-06-19,94.2,Completed,2000000.0
TRG0373,EMP221,An toàn Thông tin & Tuân thủ ISO 27001,Tuân thủ,2025-09-17,2025-10-07,97.2,Completed,2000000.0
TRG0374,EMP097,Tư duy Dịch vụ Khách hàng Xuất sắc,Kỹ năng mềm,2025-09-04,2025-09-17,,In Progress,1800000.0
TRG0375,EMP193,An toàn Thông tin & Tuân thủ ISO 27001,Tuân thủ,2025-05-17,2025-05-21,85.2,Completed,2000000.0
TRG0376,EMP147,Phân tích Dữ liệu với SQL & Power BI,Kỹ thuật,2025-05-09,2025-06-01,86.1,Completed,3500000.0
TRG0377,EMP033,An toàn Thông tin & Tuân thủ ISO 27001,Tuân thủ,2025-09-19,2025-10-07,,Dropped,2000000.0
TRG0378,EMP185,Phân tích Dữ liệu với SQL & Power BI,Kỹ thuật,2025-06-01,2025-06-06,76.7,Completed,3500000.0
TRG0379,EMP059,Python Nâng cao cho Tự động hóa Quy trình,Kỹ thuật,2025-08-05,2025-08-17,,In Progress,4000000.0
TRG0380,EMP104,Kỹ năng Lãnh đạo Đội ngũ Hiệu suất cao,Lãnh đạo,2025-04-05,2025-04-19,70.1,Completed,6500000.0
TRG0381,EMP009,Quản trị Dự án Agile/Scrum Chuẩn Quốc tế,Lãnh đạo,2025-08-20,2025-09-02,90.1,Completed,5000000.0
TRG0382,EMP184,An toàn Thông tin & Tuân thủ ISO 27001,Tuân thủ,2025-02-04,2025-02-17,73.0,Completed,2000000.0
TRG0383,EMP242,Ứng dụng AI & Prompt Engineering trong Giáo dục,Kỹ thuật,2025-09-06,2025-09-14,95.1,Completed,4500000.0
TRG0384,EMP067,Python Nâng cao cho Tự động hóa Quy trình,Kỹ thuật,2025-07-14,2025-08-07,30.3,Dropped,4000000.0
TRG0385,EMP017,An toàn Thông tin & Tuân thủ ISO 27001,Tuân thủ,2025-04-20,2025-05-02,75.9,Completed,2000000.0
TRG0386,EMP136,An toàn Thông tin & Tuân thủ ISO 27001,Tuân thủ,2025-09-10,2025-09-18,82.8,Completed,2000000.0
TRG0387,EMP063,Tư duy Dịch vụ Khách hàng Xuất sắc,Kỹ năng mềm,2025-08-14,2025-09-04,91.3,Completed,1800000.0
TRG0388,EMP022,Tư duy Dịch vụ Khách hàng Xuất sắc,Kỹ năng mềm,2025-05-20,2025-05-23,70.5,Completed,1800000.0
TRG0389,EMP197,Kỹ năng Trình bày & Giảng dạy Truyền cảm hứng,Kỹ năng mềm,2025-06-15,2025-06-25,65.3,Completed,2500000.0
TRG0390,EMP185,Quản trị Dự án Agile/Scrum Chuẩn Quốc tế,Lãnh đạo,2025-04-20,2025-05-13,66.3,Completed,5000000.0
TRG0391,EMP249,Phân tích Dữ liệu với SQL & Power BI,Kỹ thuật,2025-08-10,2025-08-27,93.5,Completed,3500000.0
TRG0392,EMP166,An toàn Thông tin & Tuân thủ ISO 27001,Tuân thủ,2025-06-05,2025-06-22,73.2,Completed,2000000.0
TRG0393,EMP189,Tư duy Dịch vụ Khách hàng Xuất sắc,Kỹ năng mềm,2025-07-09,2025-07-13,74.4,Completed,1800000.0
TRG0394,EMP165,Quản trị Dự án Agile/Scrum Chuẩn Quốc tế,Lãnh đạo,2025-03-13,2025-04-03,88.9,Completed,5000000.0
TRG0395,EMP192,Phân tích Dữ liệu với SQL & Power BI,Kỹ thuật,2025-08-15,2025-09-01,73.8,Completed,3500000.0
TRG0396,EMP147,Quản trị Dự án Agile/Scrum Chuẩn Quốc tế,Lãnh đạo,2025-05-10,2025-05-20,78.2,Completed,5000000.0
TRG0397,EMP005,An toàn Thông tin & Tuân thủ ISO 27001,Tuân thủ,2025-07-07,2025-07-28,,In Progress,2000000.0
TRG0398,EMP203,Tư duy Dịch vụ Khách hàng Xuất sắc,Kỹ năng mềm,2025-04-17,2025-05-07,72.3,Completed,1800000.0
TRG0399,EMP117,Quản trị Dự án Agile/Scrum Chuẩn Quốc tế,Lãnh đạo,2025-05-17,2025-05-23,,In Progress,5000000.0
TRG0400,EMP064,Phân tích Dữ liệu với SQL & Power BI,Kỹ thuật,2025-09-08,2025-09-19,85.8,Completed,3500000.0
TRG0401,EMP215,Quản trị Dự án Agile/Scrum Chuẩn Quốc tế,Lãnh đạo,2025-02-06,2025-02-16,68.3,Completed,5000000.0
TRG0402,EMP046,Kỹ năng Trình bày & Giảng dạy Truyền cảm hứng,Kỹ năng mềm,2025-06-16,2025-06-27,83.8,Completed,2500000.0
TRG0403,EMP096,Quản trị Dự án Agile/Scrum Chuẩn Quốc tế,Lãnh đạo,2025-09-06,2025-09-10,76.4,Completed,5000000.0
TRG0404,EMP083,Ứng dụng AI & Prompt Engineering trong Giáo dục,Kỹ thuật,2025-08-02,2025-08-09,69.4,Completed,4500000.0
TRG0405,EMP025,Phân tích Dữ liệu với SQL & Power BI,Kỹ thuật,2025-09-03,2025-09-17,,In Progress,3500000.0
TRG0406,EMP084,Python Nâng cao cho Tự động hóa Quy trình,Kỹ thuật,2025-02-19,2025-03-02,88.0,Completed,4000000.0
TRG0407,EMP070,Kỹ năng Trình bày & Giảng dạy Truyền cảm hứng,Kỹ năng mềm,2025-04-10,2025-04-23,67.3,Completed,2500000.0
TRG0408,EMP152,Kỹ năng Trình bày & Giảng dạy Truyền cảm hứng,Kỹ năng mềm,2025-07-12,2025-07-17,72.7,Completed,2500000.0
TRG0409,EMP206,Phân tích Dữ liệu với SQL & Power BI,Kỹ thuật,2025-09-17,2025-09-22,92.9,Completed,3500000.0
TRG0410,EMP211,Tư duy Dịch vụ Khách hàng Xuất sắc,Kỹ năng mềm,2025-02-12,2025-02-22,75.2,Completed,1800000.0
TRG0411,EMP247,An toàn Thông tin & Tuân thủ ISO 27001,Tuân thủ,2025-03-20,2025-04-10,87.8,Completed,2000000.0
TRG0412,EMP220,Tư duy Dịch vụ Khách hàng Xuất sắc,Kỹ năng mềm,2025-07-16,2025-07-22,,In Progress,1800000.0
TRG0413,EMP101,Kỹ năng Lãnh đạo Đội ngũ Hiệu suất cao,Lãnh đạo,2025-05-06,2025-05-25,69.3,Completed,6500000.0
TRG0414,EMP072,Kỹ năng Lãnh đạo Đội ngũ Hiệu suất cao,Lãnh đạo,2025-05-01,2025-05-17,78.5,Completed,6500000.0
TRG0415,EMP217,Ứng dụng AI & Prompt Engineering trong Giáo dục,Kỹ thuật,2025-07-14,2025-07-24,65.3,Completed,4500000.0
TRG0416,EMP200,Phân tích Dữ liệu với SQL & Power BI,Kỹ thuật,2025-09-14,2025-09-19,74.5,Completed,3500000.0
TRG0417,EMP015,Tư duy Dịch vụ Khách hàng Xuất sắc,Kỹ năng mềm,2025-08-17,2025-09-03,78.9,Completed,1800000.0
TRG0418,EMP115,Python Nâng cao cho Tự động hóa Quy trình,Kỹ thuật,2025-03-10,2025-03-19,87.9,Completed,4000000.0
TRG0419,EMP109,Phân tích Dữ liệu với SQL & Power BI,Kỹ thuật,2025-02-19,2025-02-23,67.6,Completed,3500000.0
TRG0420,EMP073,Kỹ năng Lãnh đạo Đội ngũ Hiệu suất cao,Lãnh đạo,2025-03-02,2025-03-11,81.0,Completed,6500000.0
TRG0421,EMP132,Ứng dụng AI & Prompt Engineering trong Giáo dục,Kỹ thuật,2025-05-02,2025-05-13,94.6,Completed,4500000.0
TRG0422,EMP169,Ứng dụng AI & Prompt Engineering trong Giáo dục,Kỹ thuật,2025-08-08,2025-08-28,78.5,Completed,4500000.0
TRG0423,EMP131,Python Nâng cao cho Tự động hóa Quy trình,Kỹ thuật,2025-07-03,2025-07-22,76.7,Completed,4000000.0
TRG0424,EMP108,Phân tích Dữ liệu với SQL & Power BI,Kỹ thuật,2025-07-02,2025-07-23,97.8,Completed,3500000.0
TRG0425,EMP195,Kỹ năng Trình bày & Giảng dạy Truyền cảm hứng,Kỹ năng mềm,2025-08-16,2025-08-24,65.4,Completed,2500000.0
TRG0426,EMP244,Kỹ năng Trình bày & Giảng dạy Truyền cảm hứng,Kỹ năng mềm,2025-09-06,2025-09-09,97.5,Completed,2500000.0
TRG0427,EMP029,An toàn Thông tin & Tuân thủ ISO 27001,Tuân thủ,2025-09-05,2025-09-14,76.6,Completed,2000000.0
TRG0428,EMP073,Phân tích Dữ liệu với SQL & Power BI,Kỹ thuật,2025-09-17,2025-09-27,88.5,Completed,3500000.0
TRG0429,EMP008,Quản trị Dự án Agile/Scrum Chuẩn Quốc tế,Lãnh đạo,2025-02-13,2025-03-02,,Dropped,5000000.0
TRG0430,EMP154,Tư duy Dịch vụ Khách hàng Xuất sắc,Kỹ năng mềm,2025-03-09,2025-03-23,,Dropped,1800000.0
TRG0431,EMP053,Kỹ năng Lãnh đạo Đội ngũ Hiệu suất cao,Lãnh đạo,2025-09-03,2025-09-14,73.7,Completed,6500000.0
TRG0432,EMP010,Kỹ năng Lãnh đạo Đội ngũ Hiệu suất cao,Lãnh đạo,2025-08-17,2025-09-08,79.8,Completed,6500000.0
TRG0433,EMP018,Tư duy Dịch vụ Khách hàng Xuất sắc,Kỹ năng mềm,2025-09-04,2025-09-09,76.7,Completed,1800000.0
TRG0434,EMP012,Tư duy Dịch vụ Khách hàng Xuất sắc,Kỹ năng mềm,2025-07-13,2025-07-22,48.8,Dropped,1800000.0
TRG0435,EMP129,Phân tích Dữ liệu với SQL & Power BI,Kỹ thuật,2025-09-07,2025-09-28,,In Progress,3500000.0
TRG0436,EMP005,Phân tích Dữ liệu với SQL & Power BI,Kỹ thuật,2025-04-12,2025-05-03,76.4,Completed,3500000.0
TRG0437,EMP085,Quản trị Dự án Agile/Scrum Chuẩn Quốc tế,Lãnh đạo,2025-05-16,2025-06-06,73.0,Completed,5000000.0
TRG0438,EMP174,Quản trị Dự án Agile/Scrum Chuẩn Quốc tế,Lãnh đạo,2025-03-13,2025-04-03,80.9,Completed,5000000.0
TRG0439,EMP152,Kỹ năng Trình bày & Giảng dạy Truyền cảm hứng,Kỹ năng mềm,2025-08-04,2025-08-18,80.9,Completed,2500000.0
TRG0440,EMP040,Phân tích Dữ liệu với SQL & Power BI,Kỹ thuật,2025-03-05,2025-03-16,69.6,Completed,3500000.0
TRG0441,EMP096,An toàn Thông tin & Tuân thủ ISO 27001,Tuân thủ,2025-07-11,2025-07-14,97.9,Completed,2000000.0
TRG0442,EMP076,Phân tích Dữ liệu với SQL & Power BI,Kỹ thuật,2025-02-19,2025-03-12,,In Progress,3500000.0
TRG0443,EMP216,Quản trị Dự án Agile/Scrum Chuẩn Quốc tế,Lãnh đạo,2025-09-13,2025-10-02,81.8,Completed,5000000.0
TRG0444,EMP035,An toàn Thông tin & Tuân thủ ISO 27001,Tuân thủ,2025-08-04,2025-08-19,71.7,Completed,2000000.0
TRG0445,EMP204,An toàn Thông tin & Tuân thủ ISO 27001,Tuân thủ,2025-05-17,2025-05-27,67.0,Completed,2000000.0
TRG0446,EMP008,Ứng dụng AI & Prompt Engineering trong Giáo dục,Kỹ thuật,2025-06-08,2025-06-21,75.1,Completed,4500000.0
TRG0447,EMP240,Quản trị Dự án Agile/Scrum Chuẩn Quốc tế,Lãnh đạo,2025-02-16,2025-02-27,97.7,Completed,5000000.0
TRG0448,EMP145,Kỹ năng Lãnh đạo Đội ngũ Hiệu suất cao,Lãnh đạo,2025-07-09,2025-07-25,70.0,Completed,6500000.0
TRG0449,EMP159,Python Nâng cao cho Tự động hóa Quy trình,Kỹ thuật,2025-05-12,2025-05-18,91.3,Completed,4000000.0
TRG0450,EMP041,Kỹ năng Trình bày & Giảng dạy Truyền cảm hứng,Kỹ năng mềm,2025-07-05,2025-07-22,85.9,Completed,2500000.0
