order_id,customer_id,order_date,order_status,total_amount,payment_method,shipping_fee
ORD-00001,CUST-0001,2025-10-12 20:00:00,completed,437.36,Credit Card,5.0
ORD-00002,CUST-0093,2025-08-16 16:00:00,completed,3257.87,COD,0.0
ORD-00003,CUST-0052,2025-10-19 08:00:00,completed,1459.05,Bank Transfer,5.0
ORD-00004,CUST-0087,2025-07-25 16:00:00,completed,1338.1,COD,10.0
ORD-00005,CUST-0012,2025-12-10 11:00:00,completed,780.25,Credit Card,10.0
ORD-00006,CUST-0059,2025-09-15 18:00:00,completed,2046.94,Bank Transfer,10.0
ORD-00007,CUST-0007,2025-10-21 11:00:00,cancelled,91.22,COD,10.0
ORD-00008,CUST-0097,2025-09-22 17:00:00,completed,1146.8,E-Wallet,10.0
ORD-00009,CUST-0036,2025-09-21 09:00:00,completed,504.15,E-Wallet,0.0
ORD-00010,CUST-0050,2025-11-25 10:00:00,completed,303.72,Bank Transfer,10.0
ORD-00011,CUST-0054,2025-06-16 11:00:00,completed,2975.08,E-Wallet,10.0
ORD-00012,CUST-0063,2025-07-27 12:00:00,completed,528.6,Bank Transfer,10.0
ORD-00013,CUST-0093,2025-07-13 15:00:00,cancelled,455.11,Credit Card,10.0
ORD-00014,CUST-0011,2025-11-12 14:00:00,completed,1774.35,COD,5.0
ORD-00015,CUST-0011,2025-09-29 08:00:00,completed,42.25,Credit Card,0.0
ORD-00016,CUST-0097,2025-06-08 11:00:00,completed,123.57,Bank Transfer,0.0
ORD-00017,CUST-0086,2025-06-30 17:00:00,cancelled,1782.91,Credit Card,0.0
ORD-00018,CUST-0040,2025-10-26 18:00:00,cancelled,1308.43,Credit Card,10.0
ORD-00019,CUST-0073,2025-12-18 08:00:00,completed,2123.19,Bank Transfer,10.0
ORD-00020,CUST-0091,2025-07-10 14:00:00,completed,1075.47,Credit Card,0.0
ORD-00021,CUST-0036,2025-09-24 11:00:00,completed,676.19,COD,10.0
ORD-00022,CUST-0072,2025-06-03 16:00:00,cancelled,1163.06,E-Wallet,5.0
ORD-00023,CUST-0089,2025-09-30 18:00:00,,2168.67,COD,10.0
ORD-00024,CUST-0055,2025-12-08 16:00:00,completed,1686.31,E-Wallet,0.0
ORD-00025,CUST-0028,2025-12-07 15:00:00,completed,1224.56,E-Wallet,10.0
ORD-00026,CUST-0036,2025-06-12 08:00:00,completed,1230.69,Bank Transfer,5.0
ORD-00027,CUST-0057,2025-08-27 10:00:00,returned,1850.16,E-Wallet,0.0
ORD-00028,CUST-0020,2025-10-23 12:00:00,completed,2025.99,Bank Transfer,0.0
ORD-00029,CUST-0058,2025-09-22 12:00:00,cancelled,2201.45,E-Wallet,0.0
ORD-00030,CUST-0031,2025-07-15 16:00:00,completed,288.26,Bank Transfer,10.0
ORD-00031,CUST-0038,2025-06-09 11:00:00,completed,1206.13,Bank Transfer,0.0
ORD-00032,CUST-0015,2025-10-18 11:00:00,completed,1168.03,Credit Card,5.0
ORD-00033,CUST-0060,2025-11-24 12:00:00,completed,1977.7,COD,5.0
ORD-00034,CUST-0004,2025-06-24 11:00:00,returned,1342.69,Credit Card,10.0
ORD-00035,CUST-0098,2025-12-11 10:00:00,completed,1595.29,Credit Card,10.0
ORD-00036,CUST-0021,2025-08-24 14:00:00,completed,1590.6,Bank Transfer,0.0
ORD-00037,CUST-0066,2025-06-01 18:00:00,cancelled,1281.57,E-Wallet,5.0
ORD-00038,CUST-0037,2025-09-21 19:00:00,completed,752.02,E-Wallet,10.0
ORD-00039,CUST-0040,2025-10-20 08:00:00,completed,389.22,E-Wallet,0.0
ORD-00040,CUST-0064,2025-12-01 12:00:00,completed,1673.02,E-Wallet,10.0
ORD-00041,CUST-0009,2025-08-10 20:00:00,completed,2249.58,Bank Transfer,5.0
ORD-00042,CUST-0045,2025-08-25 16:00:00,completed,1152.35,Bank Transfer,5.0
ORD-00043,CUST-0050,2025-11-17 20:00:00,completed,1505.72,Bank Transfer,0.0
ORD-00044,CUST-0013,2025-10-13 15:00:00,completed,799.45,Bank Transfer,5.0
ORD-00045,CUST-0084,2025-06-21 13:00:00,cancelled,3808.3,E-Wallet,5.0
ORD-00046,CUST-0096,2025-06-24 14:00:00,returned,94.33,Credit Card,5.0
ORD-00047,CUST-0006,2025-08-23 20:00:00,completed,2426.02,E-Wallet,0.0
ORD-00048,CUST-0011,2025-11-04 14:00:00,completed,1587.55,Bank Transfer,5.0
ORD-00049,CUST-0033,2025-11-18 08:00:00,cancelled,2054.31,Bank Transfer,5.0
ORD-00050,CUST-0039,2025-07-21 14:00:00,cancelled,736.42,COD,5.0
ORD-00051,CUST-0090,2025-08-15 08:00:00,returned,3133.36,E-Wallet,5.0
ORD-00052,CUST-0082,2025-07-19 17:00:00,completed,525.89,Credit Card,5.0
ORD-00053,CUST-0075,2025-09-02 19:00:00,completed,1229.72,COD,10.0
ORD-00054,CUST-0022,2025-08-05 15:00:00,returned,601.09,Bank Transfer,10.0
ORD-00055,CUST-0072,2025-09-02 09:00:00,completed,892.07,COD,5.0
ORD-00056,CUST-0087,2025-12-09 18:00:00,completed,2139.48,Credit Card,10.0
ORD-00057,CUST-0082,2025-09-27 19:00:00,completed,1463.37,COD,5.0
ORD-00058,CUST-0086,2025-12-08 19:00:00,cancelled,1746.99,COD,10.0
ORD-00059,CUST-0028,2025-09-22 15:00:00,returned,1171.24,Credit Card,0.0
ORD-00060,CUST-0059,2025-06-24 18:00:00,completed,722.06,E-Wallet,0.0
ORD-00061,CUST-0009,2025-12-13 16:00:00,completed,1219.3,E-Wallet,0.0
ORD-00062,CUST-0070,2025-08-04 20:00:00,completed,112.0,COD,0.0
ORD-00063,CUST-0003,2025-07-15 12:00:00,completed,1624.17,E-Wallet,10.0
ORD-00064,CUST-0079,2025-06-12 19:00:00,completed,1900.23,Bank Transfer,5.0
ORD-00065,CUST-0010,2025-06-21 13:00:00,completed,222.2,COD,10.0
ORD-00066,CUST-0049,2025-10-31 16:00:00,completed,1365.45,Bank Transfer,5.0
ORD-00067,CUST-0052,2025-09-15 19:00:00,completed,1448.33,COD,0.0
ORD-00068,CUST-0017,2025-10-21 08:00:00,completed,656.38,COD,10.0
ORD-00069,CUST-0046,2025-06-27 17:00:00,completed,404.34,Credit Card,5.0
ORD-00070,CUST-0098,2025-08-11 17:00:00,completed,2035.26,COD,0.0
ORD-00071,CUST-0090,2025-12-13 12:00:00,cancelled,1520.27,Credit Card,10.0
ORD-00072,CUST-0012,2025-12-09 16:00:00,completed,1152.33,Credit Card,0.0
ORD-00073,CUST-0087,2025-06-21 12:00:00,completed,2613.72,Bank Transfer,5.0
ORD-00074,CUST-0068,2025-11-18 12:00:00,completed,1806.14,Bank Transfer,0.0
ORD-00075,CUST-0096,2025-09-19 10:00:00,completed,1214.18,Credit Card,10.0
ORD-00076,CUST-0056,2025-06-05 15:00:00,cancelled,1452.21,Credit Card,5.0
ORD-00077,CUST-0042,2025-07-14 20:00:00,,1419.5,COD,5.0
ORD-00078,CUST-0029,2025-08-25 20:00:00,completed,306.71,COD,5.0
ORD-00079,CUST-0094,2025-11-13 10:00:00,completed,674.53,E-Wallet,0.0
ORD-00080,CUST-0099,2025-11-08 15:00:00,completed,2555.29,COD,5.0
ORD-00081,CUST-0036,2025-10-30 08:00:00,completed,784.52,Credit Card,0.0
ORD-00082,CUST-0048,2025-08-13 09:00:00,completed,338.63,Bank Transfer,5.0
ORD-00083,CUST-0075,2025-10-20 20:00:00,completed,267.99,COD,0.0
ORD-00084,CUST-0078,2025-09-30 16:00:00,completed,104.3,Credit Card,10.0
ORD-00085,CUST-0065,2025-11-13 10:00:00,completed,781.06,Credit Card,10.0
ORD-00086,CUST-0081,2025-11-13 13:00:00,completed,364.4,COD,5.0
ORD-00087,CUST-0093,2025-11-16 17:00:00,cancelled,1766.46,E-Wallet,5.0
ORD-00088,CUST-0077,2025-11-29 09:00:00,completed,3407.71,COD,10.0
ORD-00089,CUST-0003,2025-09-01 12:00:00,completed,629.57,COD,0.0
ORD-00090,CUST-0013,2025-10-08 20:00:00,completed,319.28,Bank Transfer,0.0
ORD-00091,CUST-0020,2025-07-12 10:00:00,completed,1012.68,E-Wallet,10.0
ORD-00092,CUST-0057,2025-11-04 12:00:00,completed,2401.2,Bank Transfer,5.0
ORD-00093,CUST-0021,2025-07-22 20:00:00,completed,1405.91,Credit Card,5.0
ORD-00094,CUST-0098,2025-07-12 12:00:00,completed,521.11,Credit Card,5.0
ORD-00095,CUST-0051,2025-10-07 13:00:00,completed,61.54,Credit Card,5.0
ORD-00096,CUST-0092,2025-11-14 13:00:00,completed,744.27,Bank Transfer,5.0
ORD-00097,CUST-0079,2025-06-02 09:00:00,completed,2060.79,COD,0.0
ORD-00098,CUST-0031,2025-08-17 09:00:00,completed,2800.87,E-Wallet,0.0
ORD-00099,CUST-0038,2025-09-18 08:00:00,completed,1312.06,COD,10.0
ORD-00100,CUST-0009,2025-10-13 16:00:00,completed,586.22,Bank Transfer,10.0
ORD-00101,CUST-0048,2025-08-04 19:00:00,completed,52.25,Credit Card,10.0
ORD-00102,CUST-0099,2025-10-27 19:00:00,completed,999.13,Bank Transfer,10.0
ORD-00103,CUST-0090,2025-10-01 18:00:00,completed,1228.62,E-Wallet,0.0
ORD-00104,CUST-0006,2025-08-20 12:00:00,completed,1747.44,Bank Transfer,5.0
ORD-00105,CUST-0052,2025-12-08 15:00:00,cancelled,1126.41,E-Wallet,5.0
ORD-00106,CUST-0070,2025-08-15 13:00:00,completed,895.84,COD,5.0
ORD-00107,CUST-0058,2025-06-11 19:00:00,cancelled,992.65,E-Wallet,5.0
ORD-00108,CUST-0004,2025-07-07 17:00:00,completed,2735.04,Bank Transfer,10.0
ORD-00109,CUST-0048,2025-09-04 15:00:00,completed,999.16,Credit Card,0.0
ORD-00110,CUST-0004,2025-12-06 10:00:00,completed,2266.44,Credit Card,0.0
ORD-00111,CUST-0018,2025-06-19 15:00:00,completed,1930.38,E-Wallet,10.0
ORD-00112,CUST-0047,2025-10-09 11:00:00,completed,350.08,COD,10.0
ORD-00113,CUST-0060,2025-10-20 10:00:00,completed,340.68,Bank Transfer,10.0
ORD-00114,CUST-0068,2025-09-14 20:00:00,completed,212.2,Bank Transfer,0.0
ORD-00115,CUST-0060,2025-11-22 16:00:00,completed,918.85,E-Wallet,10.0
ORD-00116,CUST-0039,2025-07-13 10:00:00,completed,371.73,COD,10.0
ORD-00117,CUST-0017,2025-11-08 12:00:00,completed,1298.44,E-Wallet,10.0
ORD-00118,CUST-0022,2025-11-16 17:00:00,completed,1935.65,E-Wallet,10.0
ORD-00119,CUST-0099,2025-10-25 14:00:00,completed,765.56,COD,5.0
ORD-00120,CUST-0062,2025-08-02 20:00:00,completed,1153.74,E-Wallet,10.0
ORD-00121,CUST-0041,2025-12-01 13:00:00,completed,1714.41,COD,0.0
ORD-00122,CUST-0058,2025-08-03 10:00:00,completed,2304.25,E-Wallet,0.0
ORD-00123,CUST-0064,2025-10-10 15:00:00,completed,1122.23,Credit Card,5.0
ORD-00124,CUST-0007,2025-08-12 15:00:00,completed,2990.24,Bank Transfer,0.0
ORD-00125,CUST-0007,2025-10-24 16:00:00,completed,929.81,E-Wallet,0.0
ORD-00126,CUST-0013,2025-09-09 13:00:00,completed,1886.89,Credit Card,0.0
ORD-00127,CUST-0018,2025-11-30 13:00:00,completed,1704.88,COD,10.0
ORD-00128,CUST-0065,2025-10-09 16:00:00,completed,1237.4,Credit Card,10.0
ORD-00129,CUST-0077,2025-09-30 12:00:00,returned,768.96,Bank Transfer,10.0
ORD-00130,CUST-0019,2025-11-22 11:00:00,completed,406.16,Bank Transfer,5.0
ORD-00131,CUST-0020,2025-09-14 19:00:00,completed,653.87,COD,5.0
ORD-00132,CUST-0023,2025-09-26 16:00:00,completed,2398.38,COD,0.0
ORD-00133,CUST-0072,2025-08-16 11:00:00,cancelled,1582.81,COD,5.0
ORD-00134,CUST-0037,2025-07-02 17:00:00,completed,1069.69,Bank Transfer,10.0
ORD-00135,CUST-0028,2025-07-22 16:00:00,completed,608.92,E-Wallet,10.0
ORD-00136,CUST-0082,2025-07-30 08:00:00,completed,730.03,Bank Transfer,10.0
ORD-00137,CUST-0062,2025-11-14 11:00:00,completed,1191.77,Credit Card,10.0
ORD-00138,CUST-0023,2025-09-15 10:00:00,cancelled,339.7,COD,10.0
ORD-00139,CUST-0005,2025-06-03 12:00:00,completed,218.86,Bank Transfer,10.0
ORD-00140,CUST-0018,2025-10-08 15:00:00,completed,103.94,COD,5.0
ORD-00141,CUST-0092,2025-07-18 08:00:00,completed,1860.87,Credit Card,5.0
ORD-00142,CUST-0052,2025-11-19 09:00:00,,1449.5,Bank Transfer,0.0
ORD-00143,CUST-0097,2025-08-08 13:00:00,completed,852.73,E-Wallet,10.0
ORD-00144,CUST-0008,2025-11-18 09:00:00,completed,566.51,COD,0.0
ORD-00145,CUST-0048,2025-11-05 11:00:00,completed,582.78,Bank Transfer,5.0
ORD-00146,CUST-0097,2025-10-16 20:00:00,completed,1833.68,Bank Transfer,10.0
ORD-00147,CUST-0068,2025-11-28 13:00:00,completed,974.79,E-Wallet,0.0
ORD-00148,CUST-0022,2025-08-23 16:00:00,completed,517.08,Bank Transfer,0.0
ORD-00149,CUST-0017,2025-10-10 14:00:00,completed,232.0,Credit Card,5.0
ORD-00150,CUST-0051,2025-08-05 08:00:00,completed,705.96,Credit Card,10.0
ORD-00151,CUST-0070,2025-06-16 09:00:00,returned,1975.43,Bank Transfer,5.0
ORD-00152,CUST-0011,2025-11-22 18:00:00,cancelled,1064.65,E-Wallet,10.0
ORD-00153,CUST-0094,2025-07-28 08:00:00,completed,785.88,COD,5.0
ORD-00154,CUST-0020,2025-08-10 11:00:00,cancelled,1053.94,Credit Card,10.0
ORD-00155,CUST-0031,2025-07-23 09:00:00,completed,277.99,Credit Card,10.0
ORD-00156,CUST-0032,2025-12-07 08:00:00,completed,481.51,COD,0.0
ORD-00157,CUST-0074,2025-11-01 20:00:00,completed,1638.54,E-Wallet,0.0
ORD-00158,CUST-0081,2025-11-21 14:00:00,completed,131.75,COD,5.0
ORD-00159,CUST-0090,2025-09-15 14:00:00,completed,1910.73,E-Wallet,5.0
ORD-00160,CUST-0050,2025-08-02 12:00:00,completed,208.52,E-Wallet,10.0
ORD-00161,CUST-0007,2025-08-08 14:00:00,completed,166.64,E-Wallet,10.0
ORD-00162,CUST-0062,2025-07-24 13:00:00,completed,44.77,Bank Transfer,0.0
ORD-00163,CUST-0032,2025-11-26 17:00:00,completed,2441.83,Bank Transfer,5.0
ORD-00164,CUST-0060,2025-06-26 20:00:00,returned,2188.91,Bank Transfer,5.0
ORD-00165,CUST-0038,2025-07-10 11:00:00,completed,1898.04,Bank Transfer,5.0
ORD-00166,CUST-0022,2025-12-05 20:00:00,completed,1436.55,Credit Card,0.0
ORD-00167,CUST-0010,2025-11-19 08:00:00,completed,1287.64,Bank Transfer,10.0
ORD-00168,CUST-0085,2025-10-03 08:00:00,completed,1382.81,Credit Card,0.0
ORD-00169,CUST-0013,2025-10-13 10:00:00,completed,572.24,E-Wallet,10.0
ORD-00170,CUST-0039,2025-11-23 09:00:00,completed,221.56,Bank Transfer,5.0
ORD-00171,CUST-0008,2025-11-11 08:00:00,completed,512.04,Credit Card,5.0
ORD-00172,CUST-0068,2025-06-11 11:00:00,completed,2480.68,E-Wallet,0.0
ORD-00173,CUST-0097,2025-11-30 14:00:00,cancelled,2184.96,E-Wallet,10.0
ORD-00174,CUST-0089,2025-12-03 09:00:00,completed,1873.72,COD,5.0
ORD-00175,CUST-0004,2025-11-10 12:00:00,completed,1276.22,COD,10.0
ORD-00176,CUST-0032,2025-11-30 09:00:00,completed,1691.87,COD,5.0
ORD-00177,CUST-0014,2025-06-24 08:00:00,cancelled,1162.03,Credit Card,0.0
ORD-00178,CUST-0012,2025-08-30 16:00:00,completed,1679.51,E-Wallet,10.0
ORD-00179,CUST-0088,2025-09-06 10:00:00,completed,906.5,Credit Card,5.0
ORD-00180,CUST-0047,2025-08-04 11:00:00,completed,2058.84,Bank Transfer,5.0
ORD-00181,CUST-0043,2025-09-19 18:00:00,returned,793.93,E-Wallet,5.0
ORD-00182,CUST-0051,2025-08-21 12:00:00,completed,2104.12,Credit Card,0.0
ORD-00183,CUST-0094,2025-09-27 19:00:00,completed,1476.05,E-Wallet,5.0
ORD-00184,CUST-0092,2025-09-17 20:00:00,completed,1958.75,Credit Card,10.0
ORD-00185,CUST-0014,2025-12-14 11:00:00,completed,3405.2,Bank Transfer,5.0
ORD-00186,CUST-0014,2025-06-03 09:00:00,completed,429.45,E-Wallet,10.0
ORD-00187,CUST-0045,2025-06-07 15:00:00,completed,1124.5,Credit Card,5.0
ORD-00188,CUST-0057,2025-12-02 19:00:00,completed,371.61,Credit Card,0.0
ORD-00189,CUST-0044,2025-11-13 09:00:00,completed,492.29,Bank Transfer,5.0
ORD-00190,CUST-0060,2025-07-30 20:00:00,completed,1049.43,E-Wallet,10.0
ORD-00191,CUST-0058,2025-10-30 14:00:00,completed,621.66,E-Wallet,10.0
ORD-00192,CUST-0047,2025-08-23 11:00:00,completed,1595.6,Credit Card,10.0
ORD-00193,CUST-0045,2025-08-30 15:00:00,completed,1109.26,E-Wallet,0.0
ORD-00194,CUST-0048,2025-11-25 10:00:00,completed,1869.98,E-Wallet,10.0
ORD-00195,CUST-0063,2025-08-13 10:00:00,completed,2619.5,Bank Transfer,5.0
ORD-00196,CUST-0054,2025-11-29 15:00:00,completed,389.96,Credit Card,5.0
ORD-00197,CUST-0036,2025-07-28 16:00:00,completed,3289.28,Credit Card,10.0
ORD-00198,CUST-0098,2025-12-02 15:00:00,completed,1251.65,E-Wallet,0.0
ORD-00199,CUST-0027,2025-12-06 17:00:00,completed,2457.89,COD,0.0
ORD-00200,CUST-0091,2025-08-14 12:00:00,completed,240.78,E-Wallet,5.0
ORD-00201,CUST-0090,2025-07-04 11:00:00,completed,1861.8,Bank Transfer,5.0
ORD-00202,CUST-0058,2025-06-20 18:00:00,completed,450.11,COD,5.0
ORD-00203,CUST-0059,2025-10-03 13:00:00,completed,661.98,COD,10.0
ORD-00204,CUST-0009,2025-10-15 14:00:00,completed,1752.99,Credit Card,10.0
ORD-00205,CUST-0006,2025-06-26 18:00:00,completed,947.06,COD,0.0
ORD-00206,CUST-0012,2025-11-15 13:00:00,completed,2296.83,Bank Transfer,0.0
ORD-00207,CUST-0084,2025-06-24 19:00:00,completed,760.79,Bank Transfer,10.0
ORD-00208,CUST-0002,2025-06-03 19:00:00,completed,957.77,Credit Card,5.0
ORD-00209,CUST-0030,2025-09-07 09:00:00,completed,52.06,E-Wallet,5.0
ORD-00210,CUST-0049,2025-12-16 20:00:00,cancelled,1162.47,Bank Transfer,0.0
ORD-00211,CUST-0045,2025-12-02 11:00:00,completed,516.65,E-Wallet,0.0
ORD-00212,CUST-0097,2025-07-02 17:00:00,completed,1479.18,COD,10.0
ORD-00213,CUST-0100,2025-11-24 08:00:00,completed,817.58,E-Wallet,0.0
ORD-00214,CUST-0064,2025-09-07 09:00:00,completed,100.54,E-Wallet,5.0
ORD-00215,CUST-0050,2025-10-24 14:00:00,completed,1315.35,COD,0.0
ORD-00216,CUST-0028,2025-06-11 08:00:00,cancelled,2188.17,E-Wallet,10.0
ORD-00217,CUST-0036,2025-06-22 12:00:00,completed,1364.08,Credit Card,10.0
ORD-00218,CUST-0040,2025-11-26 14:00:00,completed,672.74,Credit Card,10.0
ORD-00219,CUST-0040,2025-11-18 19:00:00,completed,634.55,Bank Transfer,0.0
ORD-00220,CUST-0045,2025-10-12 16:00:00,completed,1181.47,COD,5.0
ORD-00221,CUST-0068,2025-06-17 12:00:00,completed,512.04,Credit Card,5.0
ORD-00222,CUST-0064,2025-10-24 10:00:00,completed,2956.35,Credit Card,0.0
ORD-00223,CUST-0002,2025-08-02 08:00:00,completed,1566.76,COD,10.0
ORD-00224,CUST-0035,2025-06-20 17:00:00,completed,134.75,Bank Transfer,0.0
ORD-00225,CUST-0009,2025-09-28 12:00:00,completed,1101.49,E-Wallet,5.0
ORD-00226,CUST-0060,2025-09-03 17:00:00,returned,1389.62,E-Wallet,0.0
ORD-00227,CUST-0070,2025-08-28 18:00:00,completed,103.94,COD,5.0
ORD-00228,CUST-0014,2025-07-23 16:00:00,returned,1191.84,Credit Card,5.0
ORD-00229,CUST-0075,2025-06-25 16:00:00,completed,1803.6,COD,10.0
ORD-00230,CUST-0041,2025-09-24 12:00:00,completed,677.61,Bank Transfer,5.0
ORD-00231,CUST-0041,2025-09-13 09:00:00,completed,484.29,COD,0.0
ORD-00232,CUST-0091,2025-11-26 17:00:00,completed,1450.62,COD,5.0
ORD-00233,CUST-0023,2025-06-08 14:00:00,cancelled,167.43,E-Wallet,0.0
ORD-00234,CUST-0017,2025-07-21 14:00:00,completed,854.1,Credit Card,0.0
ORD-00235,CUST-0009,2025-07-21 18:00:00,completed,960.56,Bank Transfer,0.0
ORD-00236,CUST-0093,2025-09-10 15:00:00,completed,1016.79,COD,0.0
ORD-00237,CUST-0064,2025-09-14 16:00:00,completed,382.52,E-Wallet,5.0
ORD-00238,CUST-0083,2025-10-13 11:00:00,completed,826.1,Bank Transfer,5.0
ORD-00239,CUST-0045,2025-10-23 16:00:00,completed,1577.36,COD,5.0
ORD-00240,CUST-0099,2025-10-28 11:00:00,returned,1224.02,Credit Card,5.0
ORD-00241,CUST-0098,2025-07-27 17:00:00,completed,1605.46,COD,10.0
ORD-00242,CUST-0073,2025-10-23 10:00:00,completed,1102.27,Credit Card,0.0
ORD-00243,CUST-0030,2025-11-02 11:00:00,completed,1297.97,E-Wallet,10.0
ORD-00244,CUST-0100,2025-06-29 16:00:00,cancelled,157.67,Credit Card,5.0
ORD-00245,CUST-0044,2025-08-17 13:00:00,completed,1454.81,COD,0.0
ORD-00246,CUST-0029,2025-11-18 17:00:00,completed,2536.91,E-Wallet,0.0
ORD-00247,CUST-0078,2025-08-21 20:00:00,returned,1019.63,Credit Card,10.0
ORD-00248,CUST-0031,2025-08-28 13:00:00,completed,192.1,COD,10.0
ORD-00249,CUST-0058,2025-06-03 12:00:00,completed,103.88,Credit Card,10.0
ORD-00250,CUST-0007,2025-09-07 15:00:00,completed,427.49,Bank Transfer,0.0
ORD-00251,CUST-0074,2025-11-14 20:00:00,completed,487.27,Credit Card,5.0
ORD-00252,CUST-0010,2025-08-27 10:00:00,cancelled,541.15,Bank Transfer,10.0
ORD-00253,CUST-0091,2025-06-08 14:00:00,cancelled,1184.84,E-Wallet,0.0
ORD-00254,CUST-0053,2025-11-26 16:00:00,completed,1193.47,E-Wallet,5.0
ORD-00255,CUST-0007,2025-09-01 08:00:00,completed,1096.71,COD,10.0
ORD-00256,CUST-0011,2025-09-30 09:00:00,completed,1530.5,Bank Transfer,0.0
ORD-00257,CUST-0006,2025-08-07 15:00:00,completed,1427.43,Credit Card,0.0
ORD-00258,CUST-0086,2025-08-28 20:00:00,completed,310.82,Bank Transfer,10.0
ORD-00259,CUST-0074,2025-07-31 15:00:00,completed,3120.25,E-Wallet,0.0
ORD-00260,CUST-0025,2025-07-03 08:00:00,completed,3259.88,COD,10.0
ORD-00261,CUST-0036,2025-10-12 15:00:00,cancelled,139.93,Bank Transfer,10.0
ORD-00262,CUST-0015,2025-09-15 10:00:00,completed,79.31,COD,5.0
ORD-00263,CUST-0053,2025-08-07 14:00:00,completed,1794.48,E-Wallet,5.0
ORD-00264,CUST-0007,2025-12-08 15:00:00,cancelled,1169.62,E-Wallet,0.0
ORD-00265,CUST-0039,2025-12-08 15:00:00,completed,2650.29,Bank Transfer,5.0
ORD-00266,CUST-0098,2025-10-11 13:00:00,completed,1182.24,Credit Card,10.0
ORD-00267,CUST-0023,2025-07-20 11:00:00,completed,907.22,COD,5.0
ORD-00268,CUST-0060,2025-10-08 14:00:00,completed,470.33,Bank Transfer,5.0
ORD-00269,CUST-0077,2025-09-23 10:00:00,returned,1408.81,E-Wallet,0.0
ORD-00270,CUST-0074,2025-12-17 11:00:00,cancelled,1007.22,Credit Card,0.0
ORD-00271,CUST-0061,2025-07-04 18:00:00,completed,742.48,COD,5.0
ORD-00272,CUST-0055,2025-09-05 13:00:00,completed,450.52,Credit Card,10.0
ORD-00273,CUST-0001,2025-10-09 18:00:00,returned,1582.32,COD,0.0
ORD-00274,CUST-0036,2025-11-11 13:00:00,cancelled,1371.21,Bank Transfer,10.0
ORD-00275,CUST-0085,2025-08-21 18:00:00,completed,601.56,Bank Transfer,5.0
ORD-00276,CUST-0052,2025-09-08 19:00:00,completed,1413.04,Bank Transfer,10.0
ORD-00277,CUST-0086,2025-08-31 16:00:00,completed,915.15,COD,0.0
ORD-00278,CUST-0093,2025-10-22 20:00:00,cancelled,1145.75,COD,5.0
ORD-00279,CUST-0075,2025-08-15 15:00:00,cancelled,3206.27,COD,10.0
ORD-00280,CUST-0053,2025-06-14 10:00:00,completed,289.1,E-Wallet,10.0
ORD-00281,CUST-0100,2025-06-21 15:00:00,completed,1337.96,E-Wallet,0.0
ORD-00282,CUST-0074,2025-12-13 10:00:00,completed,346.0,Bank Transfer,10.0
ORD-00283,CUST-0052,2025-09-18 15:00:00,completed,135.96,Credit Card,5.0
ORD-00284,CUST-0042,2025-12-11 16:00:00,completed,742.02,COD,0.0
ORD-00285,CUST-0040,2025-07-04 09:00:00,completed,2174.35,COD,10.0
ORD-00286,CUST-0056,2025-11-23 10:00:00,completed,1600.17,E-Wallet,10.0
ORD-00287,CUST-0016,2025-09-02 19:00:00,completed,831.1,Credit Card,10.0
ORD-00288,CUST-0077,2025-06-13 18:00:00,completed,1088.09,Bank Transfer,5.0
ORD-00289,CUST-0049,2025-07-02 16:00:00,,374.28,Credit Card,5.0
ORD-00290,CUST-0085,2025-10-12 12:00:00,completed,1230.76,Credit Card,5.0
ORD-00291,CUST-0014,2025-10-06 11:00:00,completed,590.37,E-Wallet,5.0
ORD-00292,CUST-0089,2025-10-02 13:00:00,completed,187.38,Bank Transfer,10.0
ORD-00293,CUST-0020,2025-06-24 20:00:00,completed,892.07,COD,5.0
ORD-00294,CUST-0034,2025-09-27 08:00:00,completed,1590.08,Credit Card,10.0
ORD-00295,CUST-0013,2025-12-12 08:00:00,completed,751.0,COD,10.0
ORD-00296,CUST-0094,2025-06-24 13:00:00,completed,765.42,Bank Transfer,10.0
ORD-00297,CUST-0054,2025-11-14 20:00:00,completed,536.13,Bank Transfer,10.0
ORD-00298,CUST-0073,2025-11-21 15:00:00,completed,2067.38,Credit Card,0.0
ORD-00299,CUST-0034,2025-11-15 13:00:00,completed,600.81,Credit Card,10.0
ORD-00300,CUST-0056,2025-11-17 19:00:00,completed,871.79,E-Wallet,10.0
ORD-00301,CUST-0065,2025-09-29 15:00:00,cancelled,888.46,COD,0.0
ORD-00302,CUST-0036,2025-06-13 16:00:00,completed,616.57,Credit Card,5.0
ORD-00303,CUST-0014,2025-09-12 14:00:00,completed,317.74,COD,10.0
ORD-00304,CUST-0066,2025-10-22 11:00:00,completed,2642.71,Bank Transfer,5.0
ORD-00305,CUST-0015,2025-06-25 20:00:00,completed,202.88,COD,5.0
ORD-00306,CUST-0090,2025-06-28 08:00:00,cancelled,2330.95,Bank Transfer,0.0
ORD-00307,CUST-0025,2025-12-01 13:00:00,completed,1912.57,Credit Card,0.0
ORD-00308,CUST-0071,2025-09-19 17:00:00,completed,511.57,COD,5.0
ORD-00309,CUST-0065,2025-09-07 14:00:00,returned,1164.98,Bank Transfer,0.0
ORD-00310,CUST-0078,2025-11-27 19:00:00,completed,568.75,COD,5.0
ORD-00311,CUST-0087,2025-07-04 19:00:00,completed,1604.81,COD,0.0
ORD-00312,CUST-0072,2025-10-01 17:00:00,completed,2461.42,Credit Card,10.0
ORD-00313,CUST-0026,2025-08-08 20:00:00,completed,2113.85,Bank Transfer,5.0
ORD-00314,CUST-0014,2025-11-05 18:00:00,completed,383.69,COD,10.0
ORD-00315,CUST-0089,2025-11-18 08:00:00,cancelled,908.57,COD,10.0
ORD-00316,CUST-0097,2025-10-29 16:00:00,completed,2330.14,Credit Card,10.0
ORD-00317,CUST-0024,2025-07-15 19:00:00,completed,2590.83,E-Wallet,10.0
ORD-00318,CUST-0006,2025-07-10 13:00:00,completed,1653.43,Credit Card,0.0
ORD-00319,CUST-0065,2025-07-11 14:00:00,completed,717.91,Credit Card,5.0
ORD-00320,CUST-0015,2025-11-19 13:00:00,completed,1322.64,COD,5.0
ORD-00321,CUST-0004,2025-10-11 20:00:00,completed,2080.38,Credit Card,0.0
ORD-00322,CUST-0027,2025-11-19 18:00:00,completed,912.33,COD,5.0
ORD-00323,CUST-0005,2025-06-23 09:00:00,completed,1415.54,Bank Transfer,5.0
ORD-00324,CUST-0041,2025-06-05 14:00:00,completed,847.74,Credit Card,0.0
ORD-00325,CUST-0090,2025-06-19 13:00:00,cancelled,1159.03,Credit Card,10.0
ORD-00326,CUST-0037,2025-12-13 15:00:00,completed,432.97,E-Wallet,0.0
ORD-00327,CUST-0096,2025-09-09 20:00:00,completed,1552.26,E-Wallet,10.0
ORD-00328,CUST-0016,2025-06-11 08:00:00,completed,1028.43,E-Wallet,10.0
ORD-00329,CUST-0021,2025-07-18 11:00:00,completed,2297.1,Credit Card,10.0
ORD-00330,CUST-0038,2025-11-19 09:00:00,completed,1262.16,E-Wallet,10.0
ORD-00331,CUST-0013,2025-08-12 17:00:00,completed,840.54,E-Wallet,5.0
ORD-00332,CUST-0073,2025-10-24 13:00:00,completed,1255.75,COD,10.0
ORD-00333,CUST-0062,2025-09-27 15:00:00,completed,1487.28,E-Wallet,10.0
ORD-00334,CUST-0034,2025-12-05 18:00:00,completed,342.12,Bank Transfer,0.0
ORD-00335,CUST-0099,2025-10-30 11:00:00,cancelled,871.34,COD,10.0
ORD-00336,CUST-0018,2025-09-27 16:00:00,completed,983.84,E-Wallet,0.0
ORD-00337,CUST-0095,2025-12-05 15:00:00,cancelled,819.42,COD,0.0
ORD-00338,CUST-0048,2025-07-30 08:00:00,completed,1142.26,COD,10.0
ORD-00339,CUST-0095,2025-08-07 17:00:00,completed,973.77,COD,0.0
ORD-00340,CUST-0049,2025-07-28 16:00:00,completed,1375.8,COD,0.0
ORD-00341,CUST-0028,2025-07-09 10:00:00,completed,173.51,Credit Card,5.0
ORD-00342,CUST-0062,2025-11-20 15:00:00,completed,1044.3,E-Wallet,10.0
ORD-00343,CUST-0018,2025-11-09 16:00:00,completed,779.67,Credit Card,10.0
ORD-00344,CUST-0093,2025-12-04 18:00:00,completed,94.54,Bank Transfer,5.0
ORD-00345,CUST-0022,2025-07-27 14:00:00,completed,609.75,COD,10.0
ORD-00346,CUST-0059,2025-10-31 17:00:00,completed,2583.0,Bank Transfer,0.0
ORD-00347,CUST-0079,2025-11-01 08:00:00,cancelled,205.16,Credit Card,0.0
ORD-00348,CUST-0100,2025-11-21 18:00:00,completed,1985.22,Credit Card,10.0
ORD-00349,CUST-0055,2025-07-05 12:00:00,completed,481.62,Credit Card,0.0
ORD-00350,CUST-0091,2025-12-08 20:00:00,completed,105.54,E-Wallet,10.0
ORD-00351,CUST-0089,2025-08-20 14:00:00,completed,1394.73,COD,5.0
ORD-00352,CUST-0079,2025-08-10 18:00:00,completed,884.42,Bank Transfer,10.0
ORD-00353,CUST-0033,2025-08-18 17:00:00,completed,1299.47,COD,5.0
ORD-00354,CUST-0071,2025-11-05 19:00:00,completed,723.34,Credit Card,0.0
ORD-00355,CUST-0019,2025-09-29 17:00:00,,280.91,Credit Card,0.0
ORD-00356,CUST-0093,2025-09-07 14:00:00,completed,1219.87,COD,0.0
ORD-00357,CUST-0025,2025-06-09 20:00:00,completed,853.81,Credit Card,10.0
ORD-00358,CUST-0021,2025-06-23 12:00:00,completed,1299.28,Credit Card,0.0
ORD-00359,CUST-0071,2025-08-12 19:00:00,completed,993.31,E-Wallet,5.0
ORD-00360,CUST-0053,2025-10-08 09:00:00,completed,1745.03,Bank Transfer,5.0
ORD-00361,CUST-0099,2025-08-02 20:00:00,completed,1604.54,E-Wallet,10.0
ORD-00362,CUST-0041,2025-09-14 13:00:00,completed,101.24,Credit Card,5.0
ORD-00363,CUST-0052,2025-11-20 19:00:00,completed,124.8,COD,5.0
ORD-00364,CUST-0028,2025-10-25 12:00:00,completed,2069.09,E-Wallet,5.0
ORD-00365,CUST-0030,2025-07-22 11:00:00,completed,1481.75,Credit Card,10.0
ORD-00366,CUST-0062,2025-09-04 17:00:00,completed,2033.87,Bank Transfer,0.0
ORD-00367,CUST-0062,2025-10-17 08:00:00,completed,1669.45,Bank Transfer,0.0
ORD-00368,CUST-0075,2025-06-26 13:00:00,completed,1433.51,Bank Transfer,0.0
ORD-00369,CUST-0055,2025-07-24 14:00:00,completed,515.05,Credit Card,0.0
ORD-00370,CUST-0093,2025-08-09 20:00:00,completed,835.55,COD,10.0
ORD-00371,CUST-0063,2025-08-16 12:00:00,completed,148.37,Credit Card,0.0
ORD-00372,CUST-0028,2025-08-05 15:00:00,completed,287.9,COD,5.0
ORD-00373,CUST-0047,2025-10-22 16:00:00,cancelled,995.19,E-Wallet,10.0
ORD-00374,CUST-0100,2025-08-12 13:00:00,completed,2661.02,Bank Transfer,5.0
ORD-00375,CUST-0081,2025-11-04 17:00:00,completed,108.28,COD,0.0
ORD-00376,CUST-0041,2025-11-15 12:00:00,completed,831.27,E-Wallet,10.0
ORD-00377,CUST-0085,2025-08-04 19:00:00,completed,47.26,Credit Card,0.0
ORD-00378,CUST-0009,2025-09-30 16:00:00,completed,1735.38,COD,10.0
ORD-00379,CUST-0057,2025-11-08 10:00:00,completed,208.22,COD,5.0
ORD-00380,CUST-0071,2025-09-22 10:00:00,returned,1531.93,Bank Transfer,10.0
ORD-00381,CUST-0068,2025-11-11 18:00:00,completed,1767.22,COD,0.0
ORD-00382,CUST-0002,2025-06-01 16:00:00,completed,225.14,Bank Transfer,5.0
ORD-00383,CUST-0039,2025-06-03 20:00:00,completed,1118.73,E-Wallet,5.0
ORD-00384,CUST-0021,2025-12-01 19:00:00,completed,2937.84,COD,10.0
ORD-00385,CUST-0053,2025-07-19 09:00:00,completed,1261.38,COD,0.0
ORD-00386,CUST-0003,2025-07-09 08:00:00,returned,147.23,E-Wallet,5.0
ORD-00387,CUST-0092,2025-09-21 19:00:00,completed,302.99,COD,0.0
ORD-00388,CUST-0054,2025-08-19 20:00:00,completed,1052.39,Bank Transfer,0.0
ORD-00389,CUST-0024,2025-07-20 12:00:00,completed,941.27,Bank Transfer,5.0
ORD-00390,CUST-0032,2025-12-06 08:00:00,completed,306.71,Bank Transfer,5.0
ORD-00391,CUST-0088,2025-08-19 13:00:00,completed,114.39,COD,0.0
ORD-00392,CUST-0062,2025-11-11 12:00:00,completed,177.38,Bank Transfer,0.0
ORD-00393,CUST-0042,2025-06-04 10:00:00,completed,164.85,Bank Transfer,0.0
ORD-00394,CUST-0089,2025-10-31 10:00:00,completed,386.02,COD,0.0
ORD-00395,CUST-0098,2025-11-08 08:00:00,completed,385.14,COD,5.0
ORD-00396,CUST-0057,2025-12-05 11:00:00,completed,1636.68,E-Wallet,5.0
ORD-00397,CUST-0073,2025-07-18 16:00:00,completed,2325.02,Credit Card,5.0
ORD-00398,CUST-0100,2025-11-11 16:00:00,completed,1879.91,Credit Card,5.0
ORD-00399,CUST-0085,2025-10-16 14:00:00,completed,2480.04,Credit Card,10.0
ORD-00400,CUST-0006,2025-07-04 10:00:00,cancelled,81.83,Bank Transfer,10.0
ORD-00011,CUST-0054,2025-06-16 11:00:00,completed,2975.08,E-Wallet,10.0
ORD-00051,CUST-0090,2025-08-15 08:00:00,returned,3133.36,E-Wallet,5.0
