dispatch_id,order_id,warehouse_id,dispatch_date,delivery_status,shipping_carrier,lead_time_hours
DSP-00001,SO-59441,WH-HCM01,2024-01-02,DELIVERED,FastLogistics VN,18
DSP-00002,SO-67711,WH-HCM01,2024-01-03,DELIVERED,FastLogistics VN,24
DSP-00003,SO-28894,WH-DN01,2024-01-03,DELIVERED,FastLogistics VN,12
DSP-00004,SO-59808,WH-DN01,2024-01-04,RETURNED,NinjaVan Hub,12
DSP-00005,SO-90931,WH-DN01,2024-01-04,RETURNED,CyberExpress,36
DSP-00006,SO-21846,WH-HCM01,2024-01-04,DELIVERED,VNPost Logistics,36
DSP-00007,SO-79621,WH-DN01,2024-01-05,DELIVERED,VNPost Logistics,24
DSP-00008,SO-20350,WH-HN01,2024-01-05,DELIVERED,NinjaVan Hub,12
DSP-00009,SO-28758,WH-HN01,2024-01-05,DELIVERED,NinjaVan Hub,36
DSP-00010,SO-97404,WH-DN01,2024-01-05,DELIVERED,FastLogistics VN,36
DSP-00011,SO-69878,WH-DN01,2024-01-06,DELIVERED,NinjaVan Hub,18
DSP-00012,SO-41091,WH-DN01,2024-01-06,DELIVERED,VNPost Logistics,48
DSP-00013,SO-48696,WH-HCM01,2024-01-06,DELIVERED,VNPost Logistics,12
DSP-00014,SO-96400,WH-HCM01,2024-01-06,DELIVERED,VNPost Logistics,12
DSP-00015,SO-50492,WH-HCM01,2024-01-07,DELIVERED,FastLogistics VN,24
DSP-00016,SO-21813,WH-DN01,2024-01-07,DELIVERED,NinjaVan Hub,12
DSP-00017,SO-27322,WH-DN01,2024-01-07,DELIVERED,CyberExpress,36
DSP-00018,SO-73156,WH-DN01,2024-01-07,DELIVERED,VNPost Logistics,12
DSP-00019,SO-80329,WH-DN01,2024-01-08,DELIVERED,VNPost Logistics,48
DSP-00020,SO-44362,WH-HCM01,2024-01-08,RETURNED,NinjaVan Hub,18
DSP-00021,SO-39015,WH-HCM01,2024-01-08,DELIVERED,CyberExpress,18
DSP-00022,SO-95097,WH-DN01,2024-01-08,DELIVERED,VNPost Logistics,24
DSP-00023,SO-74569,WH-HN01,2024-01-09,RETURNED,VNPost Logistics,12
DSP-00024,SO-69459,WH-HCM01,2024-01-09,DELIVERED,CyberExpress,24
DSP-00025,SO-64935,WH-HCM01,2024-01-09,DELIVERED,VNPost Logistics,48
DSP-00026,SO-94518,WH-HCM01,2024-01-10,DELIVERED,CyberExpress,24
DSP-00027,SO-69600,WH-DN01,2024-01-10,DELIVERED,VNPost Logistics,12
DSP-00028,SO-12799,WH-HCM01,2024-01-10,DELIVERED,NinjaVan Hub,24
DSP-00029,SO-46342,WH-HN01,2024-01-10,DELIVERED,CyberExpress,36
DSP-00030,SO-52437,WH-DN01,2024-01-11,DELIVERED,VNPost Logistics,36
DSP-00031,SO-65176,WH-HN01,2024-01-11,DELIVERED,FastLogistics VN,36
DSP-00032,SO-96363,WH-HN01,2024-01-11,DELIVERED,CyberExpress,36
DSP-00033,SO-62640,WH-HN01,2024-01-11,DELIVERED,VNPost Logistics,24
DSP-00034,SO-46046,WH-HN01,2024-01-12,DELIVERED,VNPost Logistics,12
DSP-00035,SO-69469,WH-HCM01,2024-01-12,DELIVERED,NinjaVan Hub,24
DSP-00036,SO-95316,WH-HCM01,2024-01-12,DELIVERED,FastLogistics VN,18
DSP-00037,SO-69441,WH-HN01,2024-01-12,DELIVERED,CyberExpress,18
DSP-00038,SO-50963,WH-HN01,2024-01-12,DELIVERED,CyberExpress,18
DSP-00039,SO-18799,WH-HN01,2024-01-13,DELIVERED,NinjaVan Hub,18
DSP-00040,SO-53207,WH-HCM01,2024-01-13,DELIVERED,FastLogistics VN,48
DSP-00041,SO-16743,WH-HCM01,2024-01-13,RETURNED,VNPost Logistics,12
DSP-00042,SO-76507,WH-DN01,2024-01-13,DELIVERED,VNPost Logistics,24
DSP-00043,SO-55890,WH-DN01,2024-01-13,DELIVERED,FastLogistics VN,48
DSP-00044,SO-66244,WH-DN01,2024-01-14,DELIVERED,NinjaVan Hub,24
DSP-00045,SO-13794,WH-HCM01,2024-01-14,DELIVERED,FastLogistics VN,12
DSP-00046,SO-10800,WH-DN01,2024-01-14,DELIVERED,VNPost Logistics,18
DSP-00047,SO-84395,WH-DN01,2024-01-14,DELIVERED,NinjaVan Hub,36
DSP-00048,SO-64287,WH-DN01,2024-01-15,DELIVERED,VNPost Logistics,24
DSP-00049,SO-66349,WH-HCM01,2024-01-15,DELIVERED,VNPost Logistics,48
DSP-00050,SO-79066,WH-HCM01,2024-01-15,DELIVERED,VNPost Logistics,36
DSP-00051,SO-11007,WH-DN01,2024-01-15,RETURNED,VNPost Logistics,36
DSP-00052,SO-43491,WH-HN01,2024-01-15,DELIVERED,VNPost Logistics,48
DSP-00053,SO-66446,WH-HN01,2024-01-16,DELIVERED,FastLogistics VN,12
DSP-00054,SO-75570,WH-HCM01,2024-01-16,DELIVERED,FastLogistics VN,48
DSP-00055,SO-12456,WH-HCM01,2024-01-16,DELIVERED,VNPost Logistics,24
DSP-00056,SO-91018,WH-HN01,2024-01-17,DELIVERED,CyberExpress,18
DSP-00057,SO-61873,WH-DN01,2024-01-17,DELIVERED,CyberExpress,18
DSP-00058,SO-56019,WH-HN01,2024-01-17,RETURNED,FastLogistics VN,12
DSP-00059,SO-32740,WH-HN01,2024-01-17,DELIVERED,NinjaVan Hub,48
DSP-00060,SO-68838,WH-HCM01,2024-01-18,DELIVERED,CyberExpress,48
DSP-00061,SO-56129,WH-DN01,2024-01-18,DELIVERED,NinjaVan Hub,48
DSP-00062,SO-58331,WH-DN01,2024-01-18,DELIVERED,VNPost Logistics,24
DSP-00063,SO-76462,WH-HN01,2024-01-19,DELIVERED,VNPost Logistics,18
DSP-00064,SO-68947,WH-HCM01,2024-01-19,DELIVERED,CyberExpress,18
DSP-00065,SO-18109,WH-DN01,2024-01-19,DELIVERED,NinjaVan Hub,18
DSP-00066,SO-76132,WH-DN01,2024-01-19,DELIVERED,CyberExpress,24
DSP-00067,SO-78690,WH-HCM01,2024-01-19,DELIVERED,FastLogistics VN,24
DSP-00068,SO-54350,WH-DN01,2024-01-20,DELIVERED,FastLogistics VN,36
DSP-00069,SO-96057,WH-DN01,2024-01-20,DELIVERED,FastLogistics VN,48
DSP-00070,SO-55851,WH-HCM01,2024-01-20,DELIVERED,NinjaVan Hub,48
DSP-00071,SO-26750,WH-DN01,2024-01-20,DELIVERED,VNPost Logistics,48
DSP-00072,SO-12389,WH-DN01,2024-01-21,DELIVERED,CyberExpress,24
DSP-00073,SO-35166,WH-HN01,2024-01-21,DELIVERED,FastLogistics VN,12
DSP-00074,SO-59377,WH-HCM01,2024-01-21,DELIVERED,FastLogistics VN,48
DSP-00075,SO-31697,WH-HCM01,2024-01-21,DELIVERED,CyberExpress,18
DSP-00076,SO-41133,WH-DN01,2024-01-21,DELIVERED,VNPost Logistics,18
DSP-00077,SO-79993,WH-HCM01,2024-01-22,DELIVERED,NinjaVan Hub,48
DSP-00078,SO-98907,WH-DN01,2024-01-22,DELIVERED,CyberExpress,12
DSP-00079,SO-75916,WH-DN01,2024-01-22,DELIVERED,FastLogistics VN,36
DSP-00080,SO-77621,WH-DN01,2024-01-22,DELIVERED,NinjaVan Hub,12
DSP-00081,SO-77286,WH-HN01,2024-01-23,DELIVERED,NinjaVan Hub,36
DSP-00082,SO-40903,WH-DN01,2024-01-23,DELIVERED,VNPost Logistics,48
DSP-00083,SO-71487,WH-DN01,2024-01-23,DELIVERED,VNPost Logistics,12
DSP-00084,SO-38266,WH-HN01,2024-01-24,DELIVERED,CyberExpress,48
DSP-00085,SO-65476,WH-HCM01,2024-01-24,DELIVERED,VNPost Logistics,12
DSP-00086,SO-24530,WH-HCM01,2024-01-24,DELIVERED,NinjaVan Hub,36
DSP-00087,SO-85372,WH-HN01,2024-01-24,DELIVERED,NinjaVan Hub,36
DSP-00088,SO-97584,WH-DN01,2024-01-25,DELIVERED,CyberExpress,18
DSP-00089,SO-81313,WH-DN01,2024-01-25,DELIVERED,VNPost Logistics,18
DSP-00090,SO-60709,WH-DN01,2024-01-25,DELIVERED,NinjaVan Hub,36
DSP-00091,SO-55193,WH-HN01,2024-01-25,DELIVERED,VNPost Logistics,18
DSP-00092,SO-32949,WH-HCM01,2024-01-26,DELIVERED,NinjaVan Hub,12
DSP-00093,SO-45811,WH-HN01,2024-01-26,DELIVERED,NinjaVan Hub,24
DSP-00094,SO-52981,WH-DN01,2024-01-27,DELIVERED,VNPost Logistics,24
DSP-00095,SO-31842,WH-HCM01,2024-01-27,RETURNED,CyberExpress,18
DSP-00096,SO-90589,WH-HN01,2024-01-28,DELIVERED,VNPost Logistics,18
DSP-00097,SO-93560,WH-HN01,2024-01-28,DELIVERED,VNPost Logistics,48
DSP-00098,SO-14081,WH-HCM01,2024-01-28,DELIVERED,FastLogistics VN,12
DSP-00099,SO-60181,WH-HCM01,2024-01-28,DELIVERED,NinjaVan Hub,12
DSP-00100,SO-58760,WH-HCM01,2024-01-29,DELIVERED,FastLogistics VN,36
DSP-00101,SO-13396,WH-DN01,2024-01-29,DELIVERED,VNPost Logistics,24
DSP-00102,SO-44311,WH-DN01,2024-01-29,DELIVERED,FastLogistics VN,48
DSP-00103,SO-68341,WH-HN01,2024-01-30,DELIVERED,FastLogistics VN,24
DSP-00104,SO-27009,WH-DN01,2024-01-30,DELIVERED,FastLogistics VN,48
DSP-00105,SO-72739,WH-DN01,2024-01-30,DELIVERED,CyberExpress,12
DSP-00106,SO-26821,WH-HCM01,2024-01-31,DELIVERED,FastLogistics VN,48
DSP-00107,SO-52291,WH-DN01,2024-01-31,DELIVERED,CyberExpress,12
DSP-00108,SO-42847,WH-HCM01,2024-01-31,DELIVERED,NinjaVan Hub,24
DSP-00109,SO-91922,WH-HCM01,2024-01-31,DELIVERED,NinjaVan Hub,36
DSP-00110,SO-32103,WH-HN01,2024-02-01,DELIVERED,CyberExpress,24
DSP-00111,SO-54252,WH-HCM01,2024-02-01,DELIVERED,NinjaVan Hub,36
DSP-00112,SO-93753,WH-HCM01,2024-02-01,DELIVERED,FastLogistics VN,24
DSP-00113,SO-94136,WH-HCM01,2024-02-01,DELIVERED,CyberExpress,24
DSP-00114,SO-69446,WH-HCM01,2024-02-01,DELIVERED,FastLogistics VN,24
DSP-00115,SO-51853,WH-HCM01,2024-02-02,DELIVERED,VNPost Logistics,12
DSP-00116,SO-68929,WH-DN01,2024-02-02,DELIVERED,CyberExpress,24
DSP-00117,SO-90658,WH-HN01,2024-02-02,DELIVERED,CyberExpress,24
DSP-00118,SO-50988,WH-HN01,2024-02-03,DELIVERED,VNPost Logistics,36
DSP-00119,SO-69930,WH-HN01,2024-02-03,DELIVERED,CyberExpress,18
DSP-00120,SO-46877,WH-DN01,2024-02-03,DELIVERED,NinjaVan Hub,12
DSP-00121,SO-47453,WH-HCM01,2024-02-03,DELIVERED,VNPost Logistics,18
DSP-00122,SO-83638,WH-DN01,2024-02-04,DELIVERED,FastLogistics VN,36
DSP-00123,SO-76093,WH-DN01,2024-02-04,DELIVERED,FastLogistics VN,36
DSP-00124,SO-15276,WH-HCM01,2024-02-04,RETURNED,FastLogistics VN,12
DSP-00125,SO-78069,WH-HCM01,2024-02-05,DELIVERED,NinjaVan Hub,12
DSP-00126,SO-90356,WH-HCM01,2024-02-05,DELIVERED,FastLogistics VN,48
DSP-00127,SO-87820,WH-HCM01,2024-02-05,DELIVERED,VNPost Logistics,12
DSP-00128,SO-83783,WH-HCM01,2024-02-05,DELIVERED,FastLogistics VN,48
DSP-00129,SO-98317,WH-HN01,2024-02-05,DELIVERED,FastLogistics VN,24
DSP-00130,SO-85711,WH-HCM01,2024-02-06,DELIVERED,VNPost Logistics,24
DSP-00131,SO-85047,WH-HCM01,2024-02-06,DELIVERED,NinjaVan Hub,36
DSP-00132,SO-29848,WH-DN01,2024-02-06,DELIVERED,NinjaVan Hub,48
DSP-00133,SO-79878,WH-DN01,2024-02-07,DELIVERED,CyberExpress,24
DSP-00134,SO-99226,WH-HCM01,2024-02-07,DELIVERED,NinjaVan Hub,24
DSP-00135,SO-83149,WH-HN01,2024-02-07,DELIVERED,NinjaVan Hub,24
DSP-00136,SO-37168,WH-DN01,2024-02-08,DELIVERED,VNPost Logistics,12
DSP-00137,SO-45842,WH-DN01,2024-02-08,DELIVERED,NinjaVan Hub,12
DSP-00138,SO-61712,WH-HCM01,2024-02-08,DELIVERED,NinjaVan Hub,18
DSP-00139,SO-72793,WH-DN01,2024-02-08,DELIVERED,FastLogistics VN,36
DSP-00140,SO-45601,WH-HCM01,2024-02-09,DELIVERED,FastLogistics VN,12
DSP-00141,SO-41779,WH-HCM01,2024-02-09,DELIVERED,VNPost Logistics,36
DSP-00142,SO-40518,WH-HCM01,2024-02-09,DELIVERED,NinjaVan Hub,24
DSP-00143,SO-23178,WH-DN01,2024-02-09,DELIVERED,NinjaVan Hub,36
DSP-00144,SO-95575,WH-HCM01,2024-02-09,DELIVERED,CyberExpress,36
DSP-00145,SO-52096,WH-HN01,2024-02-09,DELIVERED,FastLogistics VN,24
DSP-00146,SO-40437,WH-HN01,2024-02-10,DELIVERED,CyberExpress,24
DSP-00147,SO-42512,WH-HN01,2024-02-11,DELIVERED,FastLogistics VN,24
DSP-00148,SO-53204,WH-HN01,2024-02-11,DELIVERED,FastLogistics VN,48
DSP-00149,SO-95679,WH-HCM01,2024-02-11,RETURNED,VNPost Logistics,12
DSP-00150,SO-50760,WH-HCM01,2024-02-12,DELIVERED,CyberExpress,18
DSP-00151,SO-38947,WH-DN01,2024-02-12,DELIVERED,CyberExpress,12
DSP-00152,SO-81781,WH-HCM01,2024-02-13,DELIVERED,CyberExpress,24
DSP-00153,SO-78202,WH-HN01,2024-02-13,DELIVERED,VNPost Logistics,12
DSP-00154,SO-74071,WH-HN01,2024-02-13,DELIVERED,FastLogistics VN,48
DSP-00155,SO-50392,WH-HCM01,2024-02-13,DELIVERED,FastLogistics VN,48
DSP-00156,SO-85800,WH-HN01,2024-02-14,DELIVERED,VNPost Logistics,24
DSP-00157,SO-80931,WH-DN01,2024-02-14,DELIVERED,FastLogistics VN,24
DSP-00158,SO-94656,WH-HN01,2024-02-14,DELIVERED,CyberExpress,12
DSP-00159,SO-59236,WH-DN01,2024-02-14,DELIVERED,NinjaVan Hub,48
DSP-00160,SO-26691,WH-HCM01,2024-02-15,DELIVERED,VNPost Logistics,36
DSP-00161,SO-55371,WH-HN01,2024-02-15,DELIVERED,FastLogistics VN,24
DSP-00162,SO-12050,WH-HCM01,2024-02-15,DELIVERED,CyberExpress,12
DSP-00163,SO-68515,WH-HN01,2024-02-15,DELIVERED,FastLogistics VN,36
DSP-00164,SO-40715,WH-HN01,2024-02-16,DELIVERED,CyberExpress,24
DSP-00165,SO-38972,WH-HN01,2024-02-16,DELIVERED,NinjaVan Hub,12
DSP-00166,SO-32955,WH-HN01,2024-02-16,DELIVERED,FastLogistics VN,12
DSP-00167,SO-97994,WH-HN01,2024-02-17,DELIVERED,NinjaVan Hub,12
DSP-00168,SO-72065,WH-HN01,2024-02-17,DELIVERED,VNPost Logistics,18
DSP-00169,SO-27575,WH-DN01,2024-02-17,DELIVERED,CyberExpress,24
DSP-00170,SO-20363,WH-HN01,2024-02-18,DELIVERED,FastLogistics VN,24
DSP-00171,SO-19539,WH-HCM01,2024-02-18,DELIVERED,NinjaVan Hub,12
DSP-00172,SO-37762,WH-DN01,2024-02-18,DELIVERED,CyberExpress,36
DSP-00173,SO-47101,WH-HN01,2024-02-19,RETURNED,VNPost Logistics,18
DSP-00174,SO-44283,WH-HCM01,2024-02-19,DELIVERED,FastLogistics VN,36
DSP-00175,SO-71537,WH-DN01,2024-02-19,DELIVERED,NinjaVan Hub,36
DSP-00176,SO-64732,WH-HCM01,2024-02-20,RETURNED,CyberExpress,36
DSP-00177,SO-84683,WH-DN01,2024-02-20,DELIVERED,CyberExpress,36
DSP-00178,SO-43728,WH-HCM01,2024-02-20,DELIVERED,NinjaVan Hub,36
DSP-00179,SO-78674,WH-HCM01,2024-02-21,DELIVERED,CyberExpress,24
DSP-00180,SO-29795,WH-HCM01,2024-02-21,DELIVERED,CyberExpress,24
DSP-00181,SO-90980,WH-DN01,2024-02-21,DELIVERED,FastLogistics VN,12
DSP-00182,SO-82305,WH-HN01,2024-02-21,DELIVERED,CyberExpress,36
DSP-00183,SO-80220,WH-HCM01,2024-02-22,DELIVERED,NinjaVan Hub,18
DSP-00184,SO-33496,WH-HCM01,2024-02-22,DELIVERED,FastLogistics VN,48
DSP-00185,SO-63218,WH-DN01,2024-02-22,DELIVERED,VNPost Logistics,12
DSP-00186,SO-99658,WH-HCM01,2024-02-22,DELIVERED,VNPost Logistics,36
DSP-00187,SO-72390,WH-DN01,2024-02-23,DELIVERED,NinjaVan Hub,18
DSP-00188,SO-75517,WH-HCM01,2024-02-23,DELIVERED,FastLogistics VN,12
DSP-00189,SO-79226,WH-DN01,2024-02-23,DELIVERED,NinjaVan Hub,48
DSP-00190,SO-45532,WH-HCM01,2024-02-23,RETURNED,FastLogistics VN,24
DSP-00191,SO-49226,WH-HCM01,2024-02-23,DELIVERED,NinjaVan Hub,24
DSP-00192,SO-80852,WH-HCM01,2024-02-24,DELIVERED,CyberExpress,48
DSP-00193,SO-20279,WH-HCM01,2024-02-24,DELIVERED,CyberExpress,12
DSP-00194,SO-54642,WH-DN01,2024-02-24,DELIVERED,CyberExpress,36
DSP-00195,SO-66603,WH-DN01,2024-02-25,DELIVERED,CyberExpress,18
DSP-00196,SO-91083,WH-HCM01,2024-02-25,DELIVERED,CyberExpress,18
DSP-00197,SO-61068,WH-HCM01,2024-02-25,DELIVERED,NinjaVan Hub,12
DSP-00198,SO-68292,WH-HN01,2024-02-25,DELIVERED,NinjaVan Hub,18
DSP-00199,SO-23538,WH-HCM01,2024-02-26,DELIVERED,NinjaVan Hub,18
DSP-00200,SO-88386,WH-HCM01,2024-02-26,DELIVERED,CyberExpress,36
DSP-00201,SO-46170,WH-HN01,2024-02-26,RETURNED,VNPost Logistics,36
DSP-00202,SO-42321,WH-HN01,2024-02-27,DELIVERED,VNPost Logistics,48
DSP-00203,SO-27758,WH-HN01,2024-02-27,DELIVERED,FastLogistics VN,48
DSP-00204,SO-59792,WH-DN01,2024-02-27,DELIVERED,FastLogistics VN,24
DSP-00205,SO-27842,WH-DN01,2024-02-27,RETURNED,VNPost Logistics,48
DSP-00206,SO-51180,WH-HCM01,2024-02-28,DELIVERED,NinjaVan Hub,48
DSP-00207,SO-24927,WH-DN01,2024-02-28,DELIVERED,VNPost Logistics,36
DSP-00208,SO-82102,WH-HCM01,2024-02-28,DELIVERED,NinjaVan Hub,18
DSP-00209,SO-65460,WH-HCM01,2024-02-29,DELIVERED,FastLogistics VN,12
DSP-00210,SO-62534,WH-HCM01,2024-02-29,DELIVERED,CyberExpress,18
DSP-00211,SO-87833,WH-DN01,2024-02-29,DELIVERED,FastLogistics VN,24
DSP-00212,SO-56531,WH-HN01,2024-02-29,DELIVERED,VNPost Logistics,12
DSP-00213,SO-98797,WH-HN01,2024-02-29,DELIVERED,NinjaVan Hub,12
DSP-00214,SO-83137,WH-HCM01,2024-03-01,DELIVERED,VNPost Logistics,48
DSP-00215,SO-87147,WH-DN01,2024-03-01,DELIVERED,VNPost Logistics,48
DSP-00216,SO-48722,WH-HN01,2024-03-01,DELIVERED,VNPost Logistics,12
DSP-00217,SO-18804,WH-HCM01,2024-03-02,DELIVERED,NinjaVan Hub,24
DSP-00218,SO-54967,WH-HCM01,2024-03-02,DELIVERED,VNPost Logistics,48
DSP-00219,SO-77632,WH-HN01,2024-03-02,DELIVERED,VNPost Logistics,48
DSP-00220,SO-90492,WH-DN01,2024-03-03,DELIVERED,FastLogistics VN,48
DSP-00221,SO-38153,WH-DN01,2024-03-03,DELIVERED,CyberExpress,12
DSP-00222,SO-23336,WH-HCM01,2024-03-03,DELIVERED,VNPost Logistics,18
DSP-00223,SO-44387,WH-HN01,2024-03-03,DELIVERED,NinjaVan Hub,48
DSP-00224,SO-60939,WH-HCM01,2024-03-03,DELIVERED,VNPost Logistics,24
DSP-00225,SO-90918,WH-DN01,2024-03-04,DELIVERED,NinjaVan Hub,48
DSP-00226,SO-50026,WH-DN01,2024-03-04,DELIVERED,FastLogistics VN,18
DSP-00227,SO-65448,WH-HN01,2024-03-04,DELIVERED,FastLogistics VN,18
DSP-00228,SO-32706,WH-HCM01,2024-03-05,DELIVERED,CyberExpress,18
DSP-00229,SO-69113,WH-HN01,2024-03-05,DELIVERED,CyberExpress,24
DSP-00230,SO-48284,WH-HN01,2024-03-05,DELIVERED,NinjaVan Hub,18
DSP-00231,SO-69942,WH-HCM01,2024-03-05,DELIVERED,VNPost Logistics,36
DSP-00232,SO-45112,WH-HN01,2024-03-06,DELIVERED,CyberExpress,24
DSP-00233,SO-67850,WH-HN01,2024-03-06,DELIVERED,NinjaVan Hub,18
DSP-00234,SO-25386,WH-DN01,2024-03-06,DELIVERED,VNPost Logistics,36
DSP-00235,SO-55957,WH-HCM01,2024-03-06,DELIVERED,VNPost Logistics,24
DSP-00236,SO-17780,WH-HN01,2024-03-07,DELIVERED,FastLogistics VN,48
DSP-00237,SO-52421,WH-HCM01,2024-03-07,RETURNED,VNPost Logistics,18
DSP-00238,SO-22481,WH-DN01,2024-03-07,DELIVERED,NinjaVan Hub,18
DSP-00239,SO-98635,WH-HCM01,2024-03-07,DELIVERED,VNPost Logistics,36
DSP-00240,SO-92288,WH-HCM01,2024-03-08,DELIVERED,NinjaVan Hub,12
DSP-00241,SO-62802,WH-HN01,2024-03-08,DELIVERED,VNPost Logistics,24
DSP-00242,SO-45197,WH-DN01,2024-03-08,DELIVERED,VNPost Logistics,36
DSP-00243,SO-30707,WH-DN01,2024-03-09,DELIVERED,FastLogistics VN,36
DSP-00244,SO-27290,WH-DN01,2024-03-09,DELIVERED,CyberExpress,36
DSP-00245,SO-57242,WH-DN01,2024-03-09,DELIVERED,FastLogistics VN,18
DSP-00246,SO-16787,WH-HCM01,2024-03-10,DELIVERED,VNPost Logistics,12
DSP-00247,SO-66260,WH-HCM01,2024-03-10,DELIVERED,VNPost Logistics,12
DSP-00248,SO-11217,WH-HCM01,2024-03-10,DELIVERED,VNPost Logistics,48
DSP-00249,SO-23526,WH-HN01,2024-03-10,DELIVERED,NinjaVan Hub,12
DSP-00250,SO-27451,WH-DN01,2024-03-11,DELIVERED,VNPost Logistics,36
DSP-00251,SO-95199,WH-HCM01,2024-03-11,DELIVERED,CyberExpress,24
DSP-00252,SO-29840,WH-HCM01,2024-03-11,RETURNED,NinjaVan Hub,36
DSP-00253,SO-23168,WH-DN01,2024-03-11,DELIVERED,CyberExpress,36
DSP-00254,SO-94491,WH-HN01,2024-03-12,DELIVERED,FastLogistics VN,12
DSP-00255,SO-89638,WH-HCM01,2024-03-12,DELIVERED,FastLogistics VN,18
DSP-00256,SO-87847,WH-HN01,2024-03-12,DELIVERED,CyberExpress,12
DSP-00257,SO-27299,WH-HN01,2024-03-12,DELIVERED,CyberExpress,12
DSP-00258,SO-38277,WH-HN01,2024-03-13,DELIVERED,VNPost Logistics,24
DSP-00259,SO-36633,WH-DN01,2024-03-13,DELIVERED,CyberExpress,18
DSP-00260,SO-95175,WH-DN01,2024-03-14,DELIVERED,VNPost Logistics,24
DSP-00261,SO-17589,WH-DN01,2024-03-14,DELIVERED,VNPost Logistics,18
DSP-00262,SO-90254,WH-DN01,2024-03-14,DELIVERED,NinjaVan Hub,48
DSP-00263,SO-33022,WH-HCM01,2024-03-14,DELIVERED,CyberExpress,36
DSP-00264,SO-31473,WH-HN01,2024-03-14,DELIVERED,FastLogistics VN,12
DSP-00265,SO-25473,WH-HCM01,2024-03-15,DELIVERED,NinjaVan Hub,24
DSP-00266,SO-18371,WH-DN01,2024-03-15,DELIVERED,FastLogistics VN,12
DSP-00267,SO-85223,WH-DN01,2024-03-15,DELIVERED,CyberExpress,48
DSP-00268,SO-11610,WH-HCM01,2024-03-15,DELIVERED,VNPost Logistics,24
DSP-00269,SO-33456,WH-DN01,2024-03-16,DELIVERED,CyberExpress,12
DSP-00270,SO-64967,WH-HCM01,2024-03-16,DELIVERED,CyberExpress,48
DSP-00271,SO-45554,WH-DN01,2024-03-16,DELIVERED,FastLogistics VN,12
DSP-00272,SO-16903,WH-HN01,2024-03-16,DELIVERED,CyberExpress,12
DSP-00273,SO-19034,WH-HCM01,2024-03-16,DELIVERED,FastLogistics VN,18
DSP-00274,SO-91620,WH-HCM01,2024-03-17,DELIVERED,FastLogistics VN,24
DSP-00275,SO-81638,WH-HCM01,2024-03-17,DELIVERED,FastLogistics VN,24
DSP-00276,SO-80981,WH-DN01,2024-03-17,DELIVERED,NinjaVan Hub,18
DSP-00277,SO-10191,WH-HCM01,2024-03-17,DELIVERED,FastLogistics VN,24
DSP-00278,SO-46677,WH-HN01,2024-03-18,DELIVERED,FastLogistics VN,48
DSP-00279,SO-58823,WH-HN01,2024-03-18,DELIVERED,FastLogistics VN,18
DSP-00280,SO-84425,WH-DN01,2024-03-18,RETURNED,VNPost Logistics,18
DSP-00281,SO-44208,WH-HN01,2024-03-18,DELIVERED,NinjaVan Hub,36
DSP-00282,SO-24283,WH-HN01,2024-03-19,DELIVERED,VNPost Logistics,24
DSP-00283,SO-63282,WH-DN01,2024-03-19,DELIVERED,FastLogistics VN,48
DSP-00284,SO-70731,WH-HN01,2024-03-19,RETURNED,NinjaVan Hub,12
DSP-00285,SO-42534,WH-DN01,2024-03-19,DELIVERED,FastLogistics VN,18
DSP-00286,SO-44100,WH-HN01,2024-03-19,DELIVERED,VNPost Logistics,36
DSP-00287,SO-82105,WH-DN01,2024-03-20,DELIVERED,VNPost Logistics,18
DSP-00288,SO-11567,WH-HN01,2024-03-20,DELIVERED,FastLogistics VN,12
DSP-00289,SO-46681,WH-HN01,2024-03-21,DELIVERED,VNPost Logistics,24
DSP-00290,SO-81258,WH-HCM01,2024-03-22,DELIVERED,FastLogistics VN,12
DSP-00291,SO-60905,WH-HCM01,2024-03-22,DELIVERED,VNPost Logistics,36
DSP-00292,SO-13840,WH-DN01,2024-03-22,DELIVERED,CyberExpress,24
DSP-00293,SO-86544,WH-DN01,2024-03-22,DELIVERED,VNPost Logistics,24
DSP-00294,SO-85457,WH-HCM01,2024-03-23,DELIVERED,NinjaVan Hub,12
DSP-00295,SO-87662,WH-HN01,2024-03-23,DELIVERED,CyberExpress,24
DSP-00296,SO-12612,WH-HN01,2024-03-24,DELIVERED,VNPost Logistics,18
DSP-00297,SO-54663,WH-HCM01,2024-03-24,DELIVERED,FastLogistics VN,18
DSP-00298,SO-78982,WH-HN01,2024-03-24,DELIVERED,NinjaVan Hub,12
DSP-00299,SO-67261,WH-DN01,2024-03-25,DELIVERED,NinjaVan Hub,48
DSP-00300,SO-90440,WH-HN01,2024-03-25,DELIVERED,FastLogistics VN,36
DSP-00301,SO-50215,WH-HCM01,2024-03-25,DELIVERED,VNPost Logistics,24
DSP-00302,SO-85082,WH-HCM01,2024-03-25,DELIVERED,VNPost Logistics,36
DSP-00303,SO-21629,WH-DN01,2024-03-26,RETURNED,FastLogistics VN,12
DSP-00304,SO-18885,WH-DN01,2024-03-26,DELIVERED,NinjaVan Hub,48
DSP-00305,SO-16310,WH-HN01,2024-03-26,RETURNED,NinjaVan Hub,24
DSP-00306,SO-74629,WH-DN01,2024-03-27,DELIVERED,FastLogistics VN,48
DSP-00307,SO-85766,WH-DN01,2024-03-27,DELIVERED,FastLogistics VN,24
DSP-00308,SO-12631,WH-HN01,2024-03-27,DELIVERED,FastLogistics VN,48
DSP-00309,SO-32296,WH-HN01,2024-03-27,DELIVERED,CyberExpress,24
DSP-00310,SO-54295,WH-HN01,2024-03-28,DELIVERED,FastLogistics VN,12
DSP-00311,SO-34901,WH-HN01,2024-03-28,DELIVERED,FastLogistics VN,24
DSP-00312,SO-84943,WH-HN01,2024-03-28,DELIVERED,FastLogistics VN,36
DSP-00313,SO-21485,WH-DN01,2024-03-29,DELIVERED,VNPost Logistics,18
DSP-00314,SO-20739,WH-HN01,2024-03-29,DELIVERED,FastLogistics VN,24
DSP-00315,SO-58630,WH-HCM01,2024-03-30,DELIVERED,FastLogistics VN,18
DSP-00316,SO-67637,WH-DN01,2024-03-30,DELIVERED,VNPost Logistics,18
DSP-00317,SO-29808,WH-DN01,2024-03-30,DELIVERED,VNPost Logistics,12
DSP-00318,SO-87296,WH-DN01,2024-03-30,DELIVERED,NinjaVan Hub,12
DSP-00319,SO-80190,WH-DN01,2024-03-30,DELIVERED,NinjaVan Hub,18
DSP-00320,SO-20348,WH-HN01,2024-03-31,DELIVERED,CyberExpress,36
DSP-00321,SO-87014,WH-HN01,2024-04-01,DELIVERED,FastLogistics VN,36
DSP-00322,SO-87061,WH-HN01,2024-04-01,DELIVERED,VNPost Logistics,36
DSP-00323,SO-89777,WH-DN01,2024-04-01,DELIVERED,CyberExpress,36
DSP-00324,SO-16460,WH-DN01,2024-04-01,DELIVERED,CyberExpress,24
DSP-00325,SO-45313,WH-HCM01,2024-04-02,DELIVERED,FastLogistics VN,18
DSP-00326,SO-37707,WH-HN01,2024-04-02,DELIVERED,VNPost Logistics,18
DSP-00327,SO-27779,WH-HCM01,2024-04-03,DELIVERED,NinjaVan Hub,48
DSP-00328,SO-14334,WH-HN01,2024-04-03,DELIVERED,FastLogistics VN,12
DSP-00329,SO-45910,WH-DN01,2024-04-03,DELIVERED,FastLogistics VN,36
DSP-00330,SO-33276,WH-DN01,2024-04-03,DELIVERED,VNPost Logistics,24
DSP-00331,SO-43903,WH-DN01,2024-04-04,DELIVERED,NinjaVan Hub,36
DSP-00332,SO-85007,WH-DN01,2024-04-04,DELIVERED,NinjaVan Hub,18
DSP-00333,SO-11166,WH-HCM01,2024-04-04,DELIVERED,NinjaVan Hub,36
DSP-00334,SO-43029,WH-DN01,2024-04-05,DELIVERED,CyberExpress,18
DSP-00335,SO-62055,WH-HCM01,2024-04-05,DELIVERED,VNPost Logistics,36
DSP-00336,SO-94848,WH-HCM01,2024-04-05,DELIVERED,NinjaVan Hub,12
DSP-00337,SO-54077,WH-HN01,2024-04-05,DELIVERED,FastLogistics VN,12
DSP-00338,SO-95389,WH-DN01,2024-04-05,DELIVERED,NinjaVan Hub,48
DSP-00339,SO-17441,WH-HCM01,2024-04-06,DELIVERED,NinjaVan Hub,12
DSP-00340,SO-13336,WH-HCM01,2024-04-06,DELIVERED,VNPost Logistics,36
DSP-00341,SO-39145,WH-HCM01,2024-04-06,DELIVERED,CyberExpress,36
DSP-00342,SO-83273,WH-HN01,2024-04-07,DELIVERED,NinjaVan Hub,48
DSP-00343,SO-58717,WH-DN01,2024-04-07,DELIVERED,NinjaVan Hub,48
DSP-00344,SO-17035,WH-DN01,2024-04-07,DELIVERED,VNPost Logistics,24
DSP-00345,SO-99220,WH-HN01,2024-04-07,DELIVERED,NinjaVan Hub,12
DSP-00346,SO-84632,WH-HN01,2024-04-08,DELIVERED,CyberExpress,48
DSP-00347,SO-73908,WH-HCM01,2024-04-08,DELIVERED,VNPost Logistics,18
DSP-00348,SO-17603,WH-HN01,2024-04-08,DELIVERED,NinjaVan Hub,18
DSP-00349,SO-62873,WH-DN01,2024-04-09,DELIVERED,VNPost Logistics,36
DSP-00350,SO-39657,WH-HCM01,2024-04-09,DELIVERED,NinjaVan Hub,12
DSP-00351,SO-87158,WH-HN01,2024-04-09,DELIVERED,VNPost Logistics,36
DSP-00352,SO-69759,WH-HN01,2024-04-10,DELIVERED,VNPost Logistics,24
DSP-00353,SO-74248,WH-HCM01,2024-04-10,DELIVERED,FastLogistics VN,12
DSP-00354,SO-59177,WH-HCM01,2024-04-10,DELIVERED,CyberExpress,24
DSP-00355,SO-25176,WH-HN01,2024-04-11,DELIVERED,CyberExpress,36
DSP-00356,SO-72180,WH-HN01,2024-04-11,DELIVERED,CyberExpress,48
DSP-00357,SO-49467,WH-HCM01,2024-04-11,DELIVERED,FastLogistics VN,48
DSP-00358,SO-91631,WH-HCM01,2024-04-11,DELIVERED,CyberExpress,18
DSP-00359,SO-56913,WH-DN01,2024-04-12,DELIVERED,NinjaVan Hub,18
DSP-00360,SO-37222,WH-HN01,2024-04-12,DELIVERED,VNPost Logistics,36
DSP-00361,SO-21665,WH-HN01,2024-04-12,DELIVERED,FastLogistics VN,36
DSP-00362,SO-15170,WH-HN01,2024-04-13,DELIVERED,CyberExpress,48
DSP-00363,SO-25191,WH-HCM01,2024-04-13,DELIVERED,CyberExpress,12
DSP-00364,SO-22183,WH-DN01,2024-04-13,DELIVERED,CyberExpress,18
DSP-00365,SO-65278,WH-DN01,2024-04-14,DELIVERED,CyberExpress,36
DSP-00366,SO-30892,WH-HCM01,2024-04-14,DELIVERED,VNPost Logistics,24
DSP-00367,SO-98918,WH-HCM01,2024-04-14,DELIVERED,FastLogistics VN,36
DSP-00368,SO-90131,WH-DN01,2024-04-14,DELIVERED,CyberExpress,24
DSP-00369,SO-11620,WH-DN01,2024-04-15,RETURNED,FastLogistics VN,36
DSP-00370,SO-55318,WH-HCM01,2024-04-15,DELIVERED,VNPost Logistics,48
DSP-00371,SO-11526,WH-HCM01,2024-04-15,DELIVERED,FastLogistics VN,48
DSP-00372,SO-19812,WH-DN01,2024-04-15,DELIVERED,NinjaVan Hub,12
DSP-00373,SO-76444,WH-DN01,2024-04-16,DELIVERED,NinjaVan Hub,18
DSP-00374,SO-20332,WH-DN01,2024-04-16,DELIVERED,FastLogistics VN,24
DSP-00375,SO-75333,WH-HCM01,2024-04-16,DELIVERED,CyberExpress,24
DSP-00376,SO-12329,WH-DN01,2024-04-16,DELIVERED,FastLogistics VN,48
DSP-00377,SO-17113,WH-DN01,2024-04-17,DELIVERED,NinjaVan Hub,24
DSP-00378,SO-16000,WH-DN01,2024-04-17,DELIVERED,NinjaVan Hub,18
DSP-00379,SO-25826,WH-HCM01,2024-04-18,DELIVERED,NinjaVan Hub,18
DSP-00380,SO-98098,WH-DN01,2024-04-18,DELIVERED,VNPost Logistics,48
DSP-00381,SO-42537,WH-DN01,2024-04-19,DELIVERED,CyberExpress,12
DSP-00382,SO-27481,WH-DN01,2024-04-19,DELIVERED,VNPost Logistics,24
DSP-00383,SO-99995,WH-HCM01,2024-04-20,DELIVERED,NinjaVan Hub,48
DSP-00384,SO-11673,WH-HCM01,2024-04-21,DELIVERED,NinjaVan Hub,48
DSP-00385,SO-42841,WH-HN01,2024-04-21,DELIVERED,CyberExpress,36
DSP-00386,SO-98542,WH-DN01,2024-04-21,DELIVERED,VNPost Logistics,24
DSP-00387,SO-94886,WH-DN01,2024-04-22,DELIVERED,NinjaVan Hub,36
DSP-00388,SO-34507,WH-HN01,2024-04-22,DELIVERED,FastLogistics VN,18
DSP-00389,SO-43425,WH-HN01,2024-04-23,DELIVERED,CyberExpress,36
DSP-00390,SO-30146,WH-HCM01,2024-04-23,RETURNED,NinjaVan Hub,48
DSP-00391,SO-49472,WH-HCM01,2024-04-23,RETURNED,CyberExpress,48
DSP-00392,SO-38992,WH-DN01,2024-04-24,DELIVERED,VNPost Logistics,18
DSP-00393,SO-38632,WH-DN01,2024-04-24,DELIVERED,VNPost Logistics,24
DSP-00394,SO-90439,WH-DN01,2024-04-24,DELIVERED,CyberExpress,36
DSP-00395,SO-77746,WH-HCM01,2024-04-25,DELIVERED,FastLogistics VN,18
DSP-00396,SO-15747,WH-HCM01,2024-04-25,DELIVERED,NinjaVan Hub,48
DSP-00397,SO-21471,WH-HCM01,2024-04-26,RETURNED,CyberExpress,36
DSP-00398,SO-85361,WH-DN01,2024-04-26,DELIVERED,NinjaVan Hub,24
DSP-00399,SO-10773,WH-HCM01,2024-04-26,DELIVERED,FastLogistics VN,18
DSP-00400,SO-21338,WH-HCM01,2024-04-26,DELIVERED,CyberExpress,36
DSP-00401,SO-61248,WH-HCM01,2024-04-27,DELIVERED,FastLogistics VN,12
DSP-00402,SO-80405,WH-HCM01,2024-04-27,DELIVERED,FastLogistics VN,12
DSP-00403,SO-55069,WH-HCM01,2024-04-27,DELIVERED,NinjaVan Hub,18
DSP-00404,SO-35470,WH-HN01,2024-04-28,DELIVERED,FastLogistics VN,48
DSP-00405,SO-70458,WH-HCM01,2024-04-28,DELIVERED,VNPost Logistics,36
DSP-00406,SO-35875,WH-HN01,2024-04-28,DELIVERED,CyberExpress,24
DSP-00407,SO-73682,WH-HN01,2024-04-28,DELIVERED,NinjaVan Hub,24
DSP-00408,SO-86568,WH-HCM01,2024-04-28,DELIVERED,NinjaVan Hub,18
DSP-00409,SO-32103,WH-DN01,2024-04-29,DELIVERED,NinjaVan Hub,36
DSP-00410,SO-53458,WH-DN01,2024-04-29,DELIVERED,FastLogistics VN,18
DSP-00411,SO-73828,WH-DN01,2024-04-29,DELIVERED,VNPost Logistics,36
DSP-00412,SO-28350,WH-HCM01,2024-04-29,DELIVERED,CyberExpress,36
DSP-00413,SO-19882,WH-HCM01,2024-04-30,DELIVERED,NinjaVan Hub,36
DSP-00414,SO-39269,WH-HN01,2024-04-30,DELIVERED,CyberExpress,36
DSP-00415,SO-96430,WH-HN01,2024-05-01,DELIVERED,CyberExpress,48
DSP-00416,SO-15610,WH-DN01,2024-05-01,DELIVERED,NinjaVan Hub,48
DSP-00417,SO-69591,WH-DN01,2024-05-01,DELIVERED,FastLogistics VN,12
DSP-00418,SO-78337,WH-HCM01,2024-05-02,DELIVERED,NinjaVan Hub,18
DSP-00419,SO-63194,WH-DN01,2024-05-02,RETURNED,CyberExpress,12
DSP-00420,SO-40145,WH-HN01,2024-05-02,DELIVERED,NinjaVan Hub,48
DSP-00421,SO-34498,WH-DN01,2024-05-02,DELIVERED,FastLogistics VN,48
DSP-00422,SO-73113,WH-DN01,2024-05-03,DELIVERED,FastLogistics VN,18
DSP-00423,SO-63857,WH-HCM01,2024-05-03,DELIVERED,FastLogistics VN,18
DSP-00424,SO-29249,WH-HCM01,2024-05-03,DELIVERED,CyberExpress,24
DSP-00425,SO-88558,WH-HN01,2024-05-03,DELIVERED,NinjaVan Hub,12
DSP-00426,SO-32356,WH-HCM01,2024-05-04,DELIVERED,NinjaVan Hub,36
DSP-00427,SO-88188,WH-HCM01,2024-05-04,DELIVERED,NinjaVan Hub,18
DSP-00428,SO-12170,WH-DN01,2024-05-04,DELIVERED,VNPost Logistics,48
DSP-00429,SO-29603,WH-HCM01,2024-05-04,DELIVERED,CyberExpress,18
DSP-00430,SO-79655,WH-HCM01,2024-05-05,DELIVERED,NinjaVan Hub,12
DSP-00431,SO-80685,WH-HCM01,2024-05-05,RETURNED,NinjaVan Hub,48
DSP-00432,SO-85513,WH-HCM01,2024-05-05,DELIVERED,VNPost Logistics,12
DSP-00433,SO-20986,WH-DN01,2024-05-05,DELIVERED,CyberExpress,48
DSP-00434,SO-34775,WH-HCM01,2024-05-05,DELIVERED,CyberExpress,36
DSP-00435,SO-63588,WH-HN01,2024-05-06,DELIVERED,CyberExpress,24
DSP-00436,SO-43244,WH-DN01,2024-05-06,DELIVERED,NinjaVan Hub,24
DSP-00437,SO-43263,WH-HCM01,2024-05-07,DELIVERED,CyberExpress,36
DSP-00438,SO-28096,WH-HCM01,2024-05-07,DELIVERED,CyberExpress,18
DSP-00439,SO-99727,WH-DN01,2024-05-07,DELIVERED,VNPost Logistics,18
DSP-00440,SO-14948,WH-DN01,2024-05-07,DELIVERED,NinjaVan Hub,18
DSP-00441,SO-47487,WH-HN01,2024-05-08,DELIVERED,VNPost Logistics,18
DSP-00442,SO-41359,WH-HCM01,2024-05-08,DELIVERED,NinjaVan Hub,12
DSP-00443,SO-18993,WH-HN01,2024-05-09,DELIVERED,VNPost Logistics,18
DSP-00444,SO-55625,WH-HCM01,2024-05-09,DELIVERED,VNPost Logistics,24
DSP-00445,SO-43776,WH-DN01,2024-05-10,DELIVERED,VNPost Logistics,36
DSP-00446,SO-38885,WH-HN01,2024-05-10,DELIVERED,FastLogistics VN,48
DSP-00447,SO-45268,WH-DN01,2024-05-11,DELIVERED,CyberExpress,18
DSP-00448,SO-10868,WH-HCM01,2024-05-12,DELIVERED,VNPost Logistics,18
DSP-00449,SO-39110,WH-HCM01,2024-05-12,DELIVERED,FastLogistics VN,24
DSP-00450,SO-14268,WH-DN01,2024-05-12,DELIVERED,NinjaVan Hub,48
DSP-00451,SO-70302,WH-HN01,2024-05-13,DELIVERED,FastLogistics VN,36
DSP-00452,SO-81901,WH-HCM01,2024-05-13,DELIVERED,VNPost Logistics,18
DSP-00453,SO-57962,WH-DN01,2024-05-13,DELIVERED,FastLogistics VN,36
DSP-00454,SO-58799,WH-HN01,2024-05-13,DELIVERED,VNPost Logistics,12
DSP-00455,SO-11276,WH-HCM01,2024-05-14,DELIVERED,VNPost Logistics,18
DSP-00456,SO-79990,WH-HN01,2024-05-14,DELIVERED,NinjaVan Hub,24
DSP-00457,SO-22622,WH-DN01,2024-05-14,DELIVERED,FastLogistics VN,36
DSP-00458,SO-99074,WH-DN01,2024-05-15,DELIVERED,VNPost Logistics,24
DSP-00459,SO-32877,WH-HCM01,2024-05-15,DELIVERED,NinjaVan Hub,48
DSP-00460,SO-19351,WH-HCM01,2024-05-16,DELIVERED,NinjaVan Hub,18
DSP-00461,SO-95591,WH-HN01,2024-05-16,DELIVERED,NinjaVan Hub,18
DSP-00462,SO-40753,WH-HN01,2024-05-17,DELIVERED,CyberExpress,12
DSP-00463,SO-81884,WH-HN01,2024-05-17,DELIVERED,FastLogistics VN,24
DSP-00464,SO-23622,WH-DN01,2024-05-17,DELIVERED,CyberExpress,18
DSP-00465,SO-50549,WH-HN01,2024-05-17,DELIVERED,NinjaVan Hub,18
DSP-00466,SO-26569,WH-DN01,2024-05-18,DELIVERED,CyberExpress,48
DSP-00467,SO-96972,WH-HN01,2024-05-18,DELIVERED,FastLogistics VN,48
DSP-00468,SO-93342,WH-DN01,2024-05-18,DELIVERED,NinjaVan Hub,24
DSP-00469,SO-55504,WH-HCM01,2024-05-19,RETURNED,CyberExpress,12
DSP-00470,SO-57943,WH-HN01,2024-05-19,DELIVERED,CyberExpress,24
DSP-00471,SO-78592,WH-DN01,2024-05-19,DELIVERED,FastLogistics VN,12
DSP-00472,SO-74478,WH-DN01,2024-05-19,DELIVERED,FastLogistics VN,18
DSP-00473,SO-40305,WH-DN01,2024-05-20,DELIVERED,NinjaVan Hub,18
DSP-00474,SO-67292,WH-HN01,2024-05-20,DELIVERED,VNPost Logistics,18
DSP-00475,SO-61081,WH-HCM01,2024-05-20,DELIVERED,FastLogistics VN,48
DSP-00476,SO-41399,WH-HN01,2024-05-20,DELIVERED,FastLogistics VN,12
DSP-00477,SO-64120,WH-HCM01,2024-05-20,DELIVERED,FastLogistics VN,48
DSP-00478,SO-23405,WH-HCM01,2024-05-21,DELIVERED,NinjaVan Hub,18
DSP-00479,SO-11075,WH-HCM01,2024-05-21,DELIVERED,CyberExpress,36
DSP-00480,SO-70776,WH-DN01,2024-05-21,DELIVERED,CyberExpress,24
DSP-00481,SO-22315,WH-HN01,2024-05-22,DELIVERED,NinjaVan Hub,18
DSP-00482,SO-30789,WH-HCM01,2024-05-22,DELIVERED,CyberExpress,12
DSP-00483,SO-61879,WH-DN01,2024-05-23,DELIVERED,NinjaVan Hub,48
DSP-00484,SO-72294,WH-HN01,2024-05-23,DELIVERED,NinjaVan Hub,24
DSP-00485,SO-91937,WH-HCM01,2024-05-24,DELIVERED,NinjaVan Hub,12
DSP-00486,SO-80300,WH-HCM01,2024-05-24,DELIVERED,NinjaVan Hub,18
DSP-00487,SO-94495,WH-HN01,2024-05-24,DELIVERED,NinjaVan Hub,12
DSP-00488,SO-73609,WH-HN01,2024-05-24,DELIVERED,FastLogistics VN,48
DSP-00489,SO-34874,WH-HCM01,2024-05-24,DELIVERED,VNPost Logistics,24
DSP-00490,SO-46087,WH-DN01,2024-05-25,DELIVERED,FastLogistics VN,24
DSP-00491,SO-44517,WH-HN01,2024-05-25,DELIVERED,VNPost Logistics,24
DSP-00492,SO-60789,WH-HN01,2024-05-25,DELIVERED,FastLogistics VN,36
DSP-00493,SO-52208,WH-DN01,2024-05-26,DELIVERED,NinjaVan Hub,36
DSP-00494,SO-27009,WH-HCM01,2024-05-26,DELIVERED,CyberExpress,36
DSP-00495,SO-87371,WH-HCM01,2024-05-26,DELIVERED,CyberExpress,36
DSP-00496,SO-19289,WH-HN01,2024-05-27,DELIVERED,FastLogistics VN,36
DSP-00497,SO-34832,WH-HN01,2024-05-27,DELIVERED,FastLogistics VN,18
DSP-00498,SO-33448,WH-HN01,2024-05-28,DELIVERED,VNPost Logistics,18
DSP-00499,SO-43303,WH-HN01,2024-05-29,DELIVERED,NinjaVan Hub,24
DSP-00500,SO-10860,WH-HCM01,2024-05-29,DELIVERED,FastLogistics VN,12
