order_id,customer_id,employee_id,order_date,shipping_date,order_status,payment_method,total_amount
ORD_00001,CUST_00073,EMP_013,2026-05-30,2026-06-01,Completed,Bank Transfer,19855000.0
ORD_00002,CUST_00073,EMP_003,2025-06-14,2025-06-19,Completed,Bank Transfer,4990000.0
ORD_00003,CUST_00021,EMP_012,2025-08-18,2025-08-19,Completed,Credit Card,24607500.0
ORD_00004,CUST_00181,EMP_016,2026-04-05,2026-04-06,Completed,COD,2090000.0
ORD_00005,CUST_00136,EMP_014,2025-04-24,,Pending,Bank Transfer,9500000.0
ORD_00006,CUST_00160,EMP_015,2025-03-06,2025-03-10,Completed,COD,11190000.0
ORD_00007,CUST_00147,EMP_014,2025-07-11,2025-07-12,Completed,Credit Card,171000.0
ORD_00008,CUST_00130,EMP_018,2025-01-21,2025-01-25,Completed,COD,9170000.0
ORD_00009,CUST_00169,EMP_004,2025-12-07,2025-12-10,Completed,Credit Card,2526000.0
ORD_00010,CUST_00118,EMP_002,2025-10-28,2025-10-30,Completed,COD,416500.0
ORD_00011,CUST_00140,EMP_016,2025-09-17,2025-09-19,Completed,Credit Card,1190000.0
ORD_00012,CUST_00070,EMP_004,2026-01-12,2026-01-16,Completed,E-Wallet,26095000.0
ORD_00013,CUST_00021,EMP_014,2025-07-04,2025-07-07,Completed,COD,3990000.0
ORD_00014,CUST_00184,EMP_014,2025-06-20,2025-06-23,Completed,E-Wallet,1990000.0
ORD_00015,CUST_00164,EMP_002,2025-03-18,2025-03-22,Completed,Credit Card,16680000.0
ORD_00016,CUST_00113,EMP_002,2025-05-10,2025-05-13,Completed,Credit Card,5200000.0
ORD_00017,CUST_00116,EMP_012,2026-01-16,2026-01-17,Completed,Bank Transfer,4365500.0
ORD_00018,CUST_00128,EMP_017,2026-02-01,2026-02-02,Shipping,Credit Card,3642000.0
ORD_00019,CUST_00052,EMP_004,2025-05-19,2025-05-23,Shipping,Bank Transfer,4211000.0
ORD_00020,CUST_00077,EMP_006,2025-06-28,,Pending,Bank Transfer,980000.0
ORD_00021,CUST_00127,EMP_001,2026-01-05,2026-01-08,Completed,E-Wallet,6237500.0
ORD_00022,CUST_00105,EMP_019,2025-03-17,2025-03-20,Completed,COD,890000.0
ORD_00023,CUST_00200,EMP_018,2025-07-06,,Pending,Bank Transfer,19000000.0
ORD_00024,CUST_00078,EMP_006,2025-06-15,2025-06-17,Completed,Credit Card,3000000.0
ORD_00025,CUST_00129,EMP_006,2025-06-07,2025-06-12,Completed,Credit Card,72480000.0
ORD_00026,CUST_00159,EMP_001,2026-05-25,2026-05-30,Shipping,Credit Card,16455500.0
ORD_00027,CUST_00177,EMP_002,2025-06-11,2025-06-15,Completed,E-Wallet,1125000.0
ORD_00028,CUST_00082,EMP_012,2026-02-13,2026-02-16,Completed,COD,75000.0
ORD_00029,CUST_00037,EMP_004,2025-02-21,2025-02-25,Completed,E-Wallet,522000.0
ORD_00030,CUST_00185,EMP_011,2025-07-14,,Pending,E-Wallet,29555000.0
ORD_00031,CUST_00168,EMP_016,2025-10-20,2025-10-21,Completed,E-Wallet,361000.0
ORD_00032,CUST_00094,EMP_002,2026-02-15,2026-02-20,Completed,Bank Transfer,720000.0
ORD_00033,CUST_00196,EMP_018,2025-10-14,,Pending,COD,2327500.0
ORD_00034,CUST_00087,EMP_018,2026-01-10,,Pending,Bank Transfer,2171000.0
ORD_00035,CUST_00133,EMP_015,2025-06-02,2025-06-07,Completed,Bank Transfer,2690000.0
ORD_00036,CUST_00158,EMP_010,2025-12-11,2025-12-16,Completed,E-Wallet,14571500.0
ORD_00037,CUST_00150,EMP_010,2025-01-28,2025-01-31,Completed,Bank Transfer,17780500.0
ORD_00038,CUST_00038,EMP_008,2025-02-02,2025-02-03,Completed,Bank Transfer,4290000.0
ORD_00039,CUST_00053,EMP_014,2026-05-29,,Pending,E-Wallet,40736500.0
ORD_00040,CUST_00045,EMP_015,2025-12-17,2025-12-20,Completed,E-Wallet,790000.0
ORD_00041,CUST_00077,EMP_010,2025-08-01,2025-08-05,Completed,Credit Card,2110000.0
ORD_00042,CUST_00102,EMP_012,2025-05-30,2025-06-02,Completed,COD,494000.0
ORD_00043,CUST_00055,EMP_007,2025-10-05,2025-10-08,Shipping,Bank Transfer,14900000.0
ORD_00044,CUST_00172,EMP_017,2025-08-20,2025-08-21,Completed,COD,3200000.0
ORD_00045,CUST_00036,EMP_001,2025-06-11,2025-06-15,Completed,E-Wallet,4150000.0
ORD_00046,CUST_00147,EMP_008,2025-02-08,2025-02-10,Shipping,E-Wallet,40810000.0
ORD_00047,CUST_00077,EMP_019,2025-04-20,2025-04-23,Shipping,Credit Card,3251000.0
ORD_00048,CUST_00070,EMP_007,2025-04-26,2025-04-30,Completed,Credit Card,42400000.0
ORD_00049,CUST_00157,EMP_013,2026-03-14,2026-03-15,Completed,E-Wallet,3345000.0
ORD_00050,CUST_00115,EMP_009,2025-12-04,2025-12-09,Completed,COD,4490000.0
ORD_00051,CUST_00031,EMP_015,2025-11-11,2025-11-16,Completed,Credit Card,10150000.0
ORD_00052,CUST_00117,EMP_020,2026-01-18,2026-01-23,Completed,E-Wallet,8312500.0
ORD_00053,CUST_00135,EMP_015,2026-06-25,2026-06-26,Completed,COD,1260000.0
ORD_00054,CUST_00138,EMP_005,2025-06-18,2025-06-23,Completed,E-Wallet,700000.0
ORD_00055,CUST_00131,EMP_015,2025-02-26,2025-03-03,Completed,E-Wallet,9865000.0
ORD_00056,CUST_00001,EMP_007,2025-03-16,2025-03-19,Completed,COD,59000000.0
ORD_00057,CUST_00035,EMP_014,2026-01-19,,Cancelled,E-Wallet,1350000.0
ORD_00058,CUST_00170,EMP_018,2025-05-17,2025-05-20,Completed,COD,650000.0
ORD_00059,CUST_00058,EMP_001,2025-01-24,,Cancelled,E-Wallet,767500.0
ORD_00060,CUST_00071,EMP_007,2025-04-26,2025-04-30,Completed,COD,11500000.0
ORD_00061,CUST_00154,EMP_002,2025-09-08,2025-09-12,Completed,E-Wallet,665000.0
ORD_00062,CUST_00036,EMP_017,2025-10-24,2025-10-29,Completed,Credit Card,3893000.0
ORD_00063,CUST_00134,EMP_008,2026-02-28,2026-03-01,Completed,Bank Transfer,1387500.0
ORD_00064,CUST_00135,EMP_011,2026-03-03,2026-03-06,Completed,E-Wallet,617500.0
ORD_00065,CUST_00077,EMP_005,2026-04-20,2026-04-25,Shipping,E-Wallet,8982000.0
ORD_00066,CUST_00069,EMP_013,2025-02-10,2025-02-12,Shipping,Bank Transfer,24949500.0
ORD_00067,CUST_00031,EMP_016,2025-09-06,2025-09-08,Completed,E-Wallet,5781000.0
ORD_00068,CUST_00120,EMP_004,2026-04-26,,Pending,Credit Card,12811000.0
ORD_00069,CUST_00185,EMP_014,2025-10-30,2025-11-02,Completed,Bank Transfer,790000.0
ORD_00070,CUST_00176,EMP_011,2025-09-21,,Pending,E-Wallet,21466500.0
ORD_00071,CUST_00016,EMP_017,2025-02-04,,Pending,COD,15480000.0
ORD_00072,CUST_00117,EMP_012,2025-03-03,2025-03-08,Completed,E-Wallet,50125000.0
ORD_00073,CUST_00138,EMP_010,2025-01-18,2025-01-22,Completed,Bank Transfer,2450000.0
ORD_00074,CUST_00159,EMP_017,2025-09-16,,Pending,Credit Card,10790000.0
ORD_00075,CUST_00077,EMP_003,2025-02-02,2025-02-06,Completed,E-Wallet,17490000.0
ORD_00076,CUST_00085,EMP_019,2025-04-08,2025-04-09,Shipping,Bank Transfer,10580000.0
ORD_00077,CUST_00012,EMP_003,2025-10-15,2025-10-20,Shipping,COD,4290000.0
ORD_00078,CUST_00037,EMP_013,2025-03-20,2025-03-25,Completed,Bank Transfer,4480000.0
ORD_00079,CUST_00177,EMP_003,2026-05-28,2026-05-31,Completed,COD,1380000.0
ORD_00080,CUST_00197,EMP_020,2026-02-11,,Cancelled,Credit Card,1780000.0
ORD_00081,CUST_00059,EMP_012,2026-01-20,2026-01-25,Completed,E-Wallet,2690000.0
ORD_00082,CUST_00019,EMP_003,2025-10-02,2025-10-04,Completed,E-Wallet,2205000.0
ORD_00083,CUST_00114,EMP_012,2025-10-04,2025-10-05,Completed,Bank Transfer,420000.0
ORD_00084,CUST_00007,EMP_003,2025-12-29,2026-01-03,Completed,Credit Card,30014000.0
ORD_00085,CUST_00044,EMP_013,2025-06-23,2025-06-26,Completed,Credit Card,11790000.0
ORD_00086,CUST_00065,EMP_008,2026-05-23,2026-05-25,Completed,E-Wallet,490000.0
ORD_00087,CUST_00159,EMP_013,2025-12-04,2025-12-08,Completed,Bank Transfer,3750000.0
ORD_00088,CUST_00081,EMP_006,2026-02-12,,Cancelled,Credit Card,27761500.0
ORD_00089,CUST_00101,EMP_012,2025-04-27,2025-04-29,Shipping,Bank Transfer,49260000.0
ORD_00090,CUST_00075,EMP_003,2026-02-23,2026-02-25,Completed,Credit Card,3990000.0
ORD_00091,CUST_00097,EMP_003,2026-04-05,,Cancelled,E-Wallet,2745000.0
ORD_00092,CUST_00093,EMP_018,2025-03-29,2025-03-31,Completed,Credit Card,2286500.0
ORD_00093,CUST_00174,EMP_013,2025-12-06,,Cancelled,E-Wallet,2450000.0
ORD_00094,CUST_00133,EMP_018,2025-08-15,2025-08-19,Completed,E-Wallet,7880000.0
ORD_00095,CUST_00107,EMP_003,2025-04-29,,Pending,Bank Transfer,7900000.0
ORD_00096,CUST_00124,EMP_012,2026-05-03,2026-05-07,Completed,Credit Card,43800000.0
ORD_00097,CUST_00088,EMP_004,2025-06-18,2025-06-20,Shipping,Bank Transfer,8740000.0
ORD_00098,CUST_00048,EMP_014,2026-02-10,2026-02-15,Completed,Bank Transfer,142500.0
ORD_00099,CUST_00053,EMP_009,2025-03-06,2025-03-11,Completed,Bank Transfer,490000.0
ORD_00100,CUST_00126,EMP_017,2025-11-17,2025-11-22,Completed,E-Wallet,2040500.0
ORD_00101,CUST_00158,EMP_019,2025-03-28,2025-03-31,Completed,COD,8490000.0
ORD_00102,CUST_00131,EMP_013,2026-03-05,2026-03-10,Completed,E-Wallet,4990000.0
ORD_00103,CUST_00166,EMP_006,2025-06-20,2025-06-22,Completed,Bank Transfer,468000.0
ORD_00104,CUST_00003,EMP_016,2025-05-20,2025-05-24,Completed,E-Wallet,4740500.0
ORD_00105,CUST_00126,EMP_006,2025-03-26,2025-03-28,Completed,Credit Card,690000.0
ORD_00106,CUST_00118,EMP_019,2026-05-23,2026-05-24,Completed,COD,1300000.0
ORD_00107,CUST_00194,EMP_002,2026-03-28,2026-04-01,Completed,COD,4591000.0
ORD_00108,CUST_00023,EMP_015,2025-05-01,,Pending,Bank Transfer,14900000.0
ORD_00109,CUST_00182,EMP_020,2026-03-15,2026-03-17,Completed,Bank Transfer,15910000.0
ORD_00110,CUST_00132,EMP_004,2025-05-19,,Cancelled,E-Wallet,7377500.0
ORD_00111,CUST_00101,EMP_016,2025-05-26,2025-05-29,Completed,E-Wallet,10350000.0
ORD_00112,CUST_00024,EMP_013,2026-06-12,2026-06-15,Completed,E-Wallet,43480000.0
ORD_00113,CUST_00110,EMP_007,2026-05-22,2026-05-25,Completed,Credit Card,15295000.0
ORD_00114,CUST_00012,EMP_004,2026-04-16,2026-04-18,Completed,E-Wallet,1655000.0
ORD_00115,CUST_00071,EMP_003,2026-01-05,2026-01-08,Completed,Bank Transfer,7990000.0
ORD_00116,CUST_00060,EMP_014,2025-04-04,2025-04-05,Completed,Bank Transfer,5440000.0
ORD_00117,CUST_00031,EMP_014,2025-05-16,2025-05-18,Completed,E-Wallet,2450000.0
ORD_00118,CUST_00077,EMP_005,2026-01-27,,Pending,Bank Transfer,3090000.0
ORD_00119,CUST_00090,EMP_007,2025-06-05,2025-06-10,Shipping,E-Wallet,9132500.0
ORD_00120,CUST_00071,EMP_003,2025-09-12,2025-09-17,Completed,Credit Card,34580000.0
ORD_00121,CUST_00131,EMP_007,2026-02-06,2026-02-07,Completed,Bank Transfer,9161500.0
ORD_00122,CUST_00093,EMP_011,2025-05-16,2025-05-21,Completed,E-Wallet,890000.0
ORD_00123,CUST_00198,EMP_003,2025-01-18,2025-01-19,Completed,Credit Card,28500000.0
ORD_00124,CUST_00074,EMP_017,2026-03-02,2026-03-06,Completed,COD,3071000.0
ORD_00125,CUST_00040,EMP_018,2025-12-01,2025-12-02,Completed,Credit Card,2480000.0
ORD_00126,CUST_00156,EMP_002,2025-11-13,2025-11-15,Completed,COD,5700000.0
ORD_00127,CUST_00089,EMP_017,2026-06-14,,Pending,Credit Card,5130000.0
ORD_00128,CUST_00188,EMP_004,2025-01-31,2025-02-04,Completed,Credit Card,3770000.0
ORD_00129,CUST_00015,EMP_016,2025-06-20,2025-06-23,Completed,COD,10901000.0
ORD_00130,CUST_00099,EMP_005,2025-07-03,2025-07-04,Shipping,E-Wallet,750500.0
ORD_00131,CUST_00070,EMP_003,2026-01-17,2026-01-18,Completed,Bank Transfer,765000.0
ORD_00132,CUST_00018,EMP_015,2025-10-17,,Pending,Credit Card,420000.0
ORD_00133,CUST_00075,EMP_019,2025-11-08,2025-11-10,Completed,E-Wallet,23702500.0
ORD_00134,CUST_00188,EMP_018,2025-09-09,2025-09-13,Completed,COD,1990000.0
ORD_00135,CUST_00003,EMP_011,2025-01-02,,Pending,E-Wallet,9203000.0
ORD_00136,CUST_00072,EMP_003,2025-02-14,2025-02-19,Shipping,E-Wallet,13545000.0
ORD_00137,CUST_00101,EMP_003,2025-03-05,2025-03-07,Completed,Bank Transfer,12870000.0
ORD_00138,CUST_00189,EMP_011,2025-11-22,2025-11-24,Completed,COD,6630000.0
ORD_00139,CUST_00198,EMP_007,2026-04-08,2026-04-11,Completed,COD,845500.0
ORD_00140,CUST_00155,EMP_002,2025-08-09,,Pending,Credit Card,3200000.0
ORD_00141,CUST_00132,EMP_002,2025-11-03,2025-11-05,Completed,COD,16305000.0
ORD_00142,CUST_00103,EMP_012,2025-03-28,2025-03-31,Completed,COD,11500000.0
ORD_00143,CUST_00033,EMP_003,2025-12-06,2025-12-10,Completed,COD,4940000.0
ORD_00144,CUST_00128,EMP_001,2026-01-27,2026-01-29,Completed,Credit Card,550000.0
ORD_00145,CUST_00039,EMP_002,2025-09-09,2025-09-13,Completed,E-Wallet,26640000.0
ORD_00146,CUST_00140,EMP_001,2026-01-27,,Pending,Credit Card,16960000.0
ORD_00147,CUST_00082,EMP_020,2025-08-13,2025-08-16,Completed,COD,29713000.0
ORD_00148,CUST_00189,EMP_002,2025-08-13,2025-08-17,Completed,Credit Card,6492500.0
ORD_00149,CUST_00146,EMP_019,2025-05-26,2025-05-28,Completed,E-Wallet,5540000.0
ORD_00150,CUST_00123,EMP_001,2025-12-06,2025-12-08,Shipping,Bank Transfer,1567500.0
ORD_00151,CUST_00083,EMP_002,2025-01-23,2025-01-25,Completed,COD,28170000.0
ORD_00152,CUST_00112,EMP_016,2025-11-21,2025-11-26,Completed,Credit Card,5180000.0
ORD_00153,CUST_00188,EMP_010,2025-05-11,2025-05-12,Completed,E-Wallet,33490000.0
ORD_00154,CUST_00128,EMP_005,2025-12-06,2025-12-08,Completed,Credit Card,13405500.0
ORD_00155,CUST_00185,EMP_001,2025-02-19,2025-02-23,Completed,Bank Transfer,8195000.0
ORD_00156,CUST_00042,EMP_015,2025-03-17,,Pending,COD,4290000.0
ORD_00157,CUST_00088,EMP_006,2026-01-20,2026-01-21,Completed,COD,5111000.0
ORD_00158,CUST_00111,EMP_006,2026-03-21,2026-03-22,Completed,Credit Card,490000.0
ORD_00159,CUST_00187,EMP_018,2025-09-29,2025-10-02,Completed,Bank Transfer,275500.0
ORD_00160,CUST_00040,EMP_002,2026-01-05,2026-01-06,Completed,Credit Card,24430500.0
ORD_00161,CUST_00079,EMP_013,2026-04-28,2026-05-01,Completed,COD,1900000.0
ORD_00162,CUST_00113,EMP_015,2025-09-27,2025-09-30,Completed,COD,5290000.0
ORD_00163,CUST_00089,EMP_018,2026-02-28,,Cancelled,Bank Transfer,1710000.0
ORD_00164,CUST_00061,EMP_016,2025-11-03,2025-11-04,Completed,Bank Transfer,1791000.0
ORD_00165,CUST_00043,EMP_007,2025-07-17,2025-07-21,Completed,COD,11813000.0
ORD_00166,CUST_00071,EMP_017,2026-04-15,2026-04-16,Shipping,E-Wallet,2200000.0
ORD_00167,CUST_00195,EMP_004,2025-04-19,2025-04-20,Completed,Credit Card,2370000.0
ORD_00168,CUST_00156,EMP_013,2025-02-09,2025-02-12,Completed,Bank Transfer,43173000.0
ORD_00169,CUST_00006,EMP_011,2025-11-07,2025-11-11,Completed,COD,18150500.0
ORD_00170,CUST_00190,EMP_016,2026-06-13,2026-06-14,Shipping,Bank Transfer,3200000.0
ORD_00171,CUST_00135,EMP_019,2025-01-30,2025-02-01,Completed,COD,75000.0
ORD_00172,CUST_00051,EMP_009,2026-01-13,,Pending,E-Wallet,9380000.0
ORD_00173,CUST_00122,EMP_019,2025-12-25,2025-12-28,Completed,COD,1215000.0
ORD_00174,CUST_00200,EMP_007,2025-08-15,2025-08-17,Completed,Credit Card,25683000.0
ORD_00175,CUST_00034,EMP_006,2025-01-09,2025-01-14,Completed,Credit Card,8660000.0
ORD_00176,CUST_00056,EMP_015,2025-11-06,2025-11-11,Completed,E-Wallet,118855000.0
ORD_00177,CUST_00153,EMP_020,2025-10-17,2025-10-18,Completed,E-Wallet,801000.0
ORD_00178,CUST_00067,EMP_010,2025-07-12,2025-07-14,Completed,COD,5131000.0
ORD_00179,CUST_00104,EMP_013,2025-02-06,2025-02-11,Completed,Bank Transfer,3200000.0
ORD_00180,CUST_00122,EMP_012,2026-06-04,2026-06-06,Completed,Bank Transfer,15990000.0
ORD_00181,CUST_00144,EMP_006,2025-12-10,2025-12-12,Completed,Credit Card,441000.0
ORD_00182,CUST_00096,EMP_009,2025-10-29,2025-10-30,Completed,E-Wallet,7191000.0
ORD_00183,CUST_00019,EMP_016,2025-07-19,2025-07-23,Completed,Credit Card,2200000.0
ORD_00184,CUST_00105,EMP_019,2026-04-14,2026-04-16,Completed,COD,8540000.0
ORD_00185,CUST_00199,EMP_006,2025-06-12,2025-06-13,Completed,Bank Transfer,6941500.0
ORD_00186,CUST_00052,EMP_012,2025-01-15,2025-01-20,Shipping,Bank Transfer,27500000.0
ORD_00187,CUST_00178,EMP_012,2025-11-16,2025-11-20,Completed,Credit Card,21900000.0
ORD_00188,CUST_00187,EMP_017,2026-06-21,2026-06-23,Completed,Credit Card,10652500.0
ORD_00189,CUST_00130,EMP_006,2025-05-07,2025-05-08,Completed,E-Wallet,2680000.0
ORD_00190,CUST_00030,EMP_014,2026-03-31,2026-04-05,Completed,Credit Card,2550000.0
ORD_00191,CUST_00170,EMP_017,2025-10-04,2025-10-06,Completed,E-Wallet,6035500.0
ORD_00192,CUST_00134,EMP_007,2026-01-02,2026-01-05,Completed,Bank Transfer,14970000.0
ORD_00193,CUST_00124,EMP_011,2025-08-29,2025-08-30,Completed,COD,22712000.0
ORD_00194,CUST_00117,EMP_010,2025-09-28,2025-09-29,Completed,Bank Transfer,5750500.0
ORD_00195,CUST_00170,EMP_006,2025-12-03,2025-12-07,Completed,Credit Card,22680000.0
ORD_00196,CUST_00108,EMP_006,2025-04-26,2025-04-27,Completed,Bank Transfer,2590000.0
ORD_00197,CUST_00113,EMP_006,2026-01-24,,Pending,COD,23910000.0
ORD_00198,CUST_00181,EMP_017,2025-08-18,,Cancelled,Credit Card,7980000.0
ORD_00199,CUST_00174,EMP_013,2025-06-02,,Pending,COD,290000.0
ORD_00200,CUST_00127,EMP_006,2025-03-18,,Pending,Credit Card,890000.0
ORD_00201,CUST_00165,EMP_013,2026-02-17,,Pending,COD,5642000.0
ORD_00202,CUST_00191,EMP_001,2025-04-16,2025-04-17,Completed,COD,27910000.0
ORD_00203,CUST_00014,EMP_008,2026-04-11,2026-04-16,Completed,E-Wallet,7690000.0
ORD_00204,CUST_00091,EMP_010,2026-06-19,2026-06-20,Completed,COD,15710000.0
ORD_00205,CUST_00056,EMP_015,2025-07-15,2025-07-16,Completed,E-Wallet,15980000.0
ORD_00206,CUST_00198,EMP_015,2026-04-14,2026-04-19,Completed,Bank Transfer,63982000.0
ORD_00207,CUST_00033,EMP_004,2026-02-01,2026-02-06,Completed,Credit Card,4025000.0
ORD_00208,CUST_00088,EMP_010,2026-04-09,,Pending,Bank Transfer,10580000.0
ORD_00209,CUST_00180,EMP_018,2025-11-18,2025-11-23,Completed,Bank Transfer,5380000.0
ORD_00210,CUST_00173,EMP_005,2025-07-02,2025-07-05,Completed,COD,32358000.0
ORD_00211,CUST_00137,EMP_010,2026-03-09,,Pending,COD,2200000.0
ORD_00212,CUST_00069,EMP_006,2025-10-21,2025-10-23,Completed,COD,2140000.0
ORD_00213,CUST_00173,EMP_018,2025-08-18,2025-08-23,Completed,E-Wallet,5290000.0
ORD_00214,CUST_00098,EMP_013,2026-03-03,,Cancelled,Credit Card,78830000.0
ORD_00215,CUST_00151,EMP_018,2025-07-21,,Pending,Bank Transfer,2750000.0
ORD_00216,CUST_00045,EMP_017,2025-05-03,2025-05-07,Completed,Credit Card,3125500.0
ORD_00217,CUST_00040,EMP_002,2025-06-07,2025-06-12,Shipping,COD,21360000.0
ORD_00218,CUST_00019,EMP_011,2026-06-23,2026-06-25,Completed,COD,461000.0
ORD_00219,CUST_00170,EMP_011,2025-12-06,2025-12-08,Completed,E-Wallet,42525000.0
ORD_00220,CUST_00030,EMP_013,2025-09-20,2025-09-23,Completed,COD,7411000.0
ORD_00221,CUST_00025,EMP_006,2025-01-08,2025-01-10,Completed,Bank Transfer,7440000.0
ORD_00222,CUST_00192,EMP_005,2025-01-25,2025-01-28,Completed,COD,9500000.0
ORD_00223,CUST_00019,EMP_019,2025-08-22,2025-08-26,Shipping,E-Wallet,440000.0
ORD_00224,CUST_00185,EMP_020,2025-03-06,,Pending,COD,38480000.0
ORD_00225,CUST_00023,EMP_010,2026-03-25,2026-03-26,Completed,E-Wallet,690000.0
ORD_00226,CUST_00140,EMP_010,2025-05-28,2025-05-31,Completed,COD,2620000.0
ORD_00227,CUST_00022,EMP_010,2025-08-04,2025-08-07,Completed,Bank Transfer,5780000.0
ORD_00228,CUST_00048,EMP_008,2025-09-16,2025-09-18,Completed,COD,6275000.0
ORD_00229,CUST_00085,EMP_012,2025-05-12,2025-05-14,Completed,COD,34500000.0
ORD_00230,CUST_00116,EMP_011,2025-11-10,2025-11-12,Completed,Credit Card,28222500.0
ORD_00231,CUST_00174,EMP_011,2026-05-07,2026-05-10,Completed,Credit Card,2972500.0
ORD_00232,CUST_00138,EMP_007,2025-09-27,2025-09-28,Completed,COD,41960000.0
ORD_00233,CUST_00139,EMP_016,2025-06-02,2025-06-04,Completed,Credit Card,990000.0
ORD_00234,CUST_00129,EMP_001,2025-09-02,,Pending,Bank Transfer,3318000.0
ORD_00235,CUST_00038,EMP_016,2026-01-03,2026-01-07,Completed,Bank Transfer,4490000.0
ORD_00236,CUST_00133,EMP_012,2026-02-02,2026-02-06,Completed,COD,2745500.0
ORD_00237,CUST_00134,EMP_009,2025-09-27,2025-10-02,Completed,Bank Transfer,1350000.0
ORD_00238,CUST_00020,EMP_017,2025-09-15,2025-09-17,Completed,E-Wallet,1990000.0
ORD_00239,CUST_00155,EMP_001,2026-05-29,2026-06-02,Shipping,Bank Transfer,990000.0
ORD_00240,CUST_00048,EMP_006,2026-01-06,2026-01-07,Completed,Bank Transfer,15800000.0
ORD_00241,CUST_00123,EMP_016,2025-08-04,2025-08-08,Completed,COD,2850000.0
ORD_00242,CUST_00162,EMP_017,2025-02-10,2025-02-12,Shipping,COD,550000.0
ORD_00243,CUST_00145,EMP_001,2025-10-18,2025-10-20,Shipping,E-Wallet,16280000.0
ORD_00244,CUST_00197,EMP_006,2026-06-08,2026-06-11,Completed,E-Wallet,12190000.0
ORD_00245,CUST_00130,EMP_014,2025-06-03,2025-06-05,Completed,E-Wallet,23767500.0
ORD_00246,CUST_00199,EMP_014,2026-06-19,2026-06-20,Completed,E-Wallet,31980000.0
ORD_00247,CUST_00151,EMP_019,2025-04-11,2025-04-14,Completed,E-Wallet,2820000.0
ORD_00248,CUST_00191,EMP_001,2026-06-20,2026-06-21,Completed,E-Wallet,9580000.0
ORD_00249,CUST_00067,EMP_018,2026-03-10,2026-03-15,Completed,Credit Card,2758000.0
ORD_00250,CUST_00102,EMP_005,2025-05-02,2025-05-06,Completed,Bank Transfer,990000.0
ORD_00251,CUST_00141,EMP_020,2025-02-23,2025-02-24,Completed,COD,17510000.0
ORD_00252,CUST_00103,EMP_020,2026-06-18,2026-06-23,Completed,COD,13130500.0
ORD_00253,CUST_00154,EMP_017,2026-06-13,2026-06-18,Completed,Bank Transfer,4606500.0
ORD_00254,CUST_00103,EMP_012,2026-02-09,2026-02-11,Completed,COD,13025000.0
ORD_00255,CUST_00089,EMP_009,2025-08-20,2025-08-22,Completed,E-Wallet,32890000.0
ORD_00256,CUST_00132,EMP_009,2025-09-14,2025-09-18,Completed,E-Wallet,13870000.0
ORD_00257,CUST_00008,EMP_016,2025-04-30,2025-05-04,Completed,Bank Transfer,4765500.0
ORD_00258,CUST_00068,EMP_008,2025-10-22,2025-10-25,Completed,COD,16540000.0
ORD_00259,CUST_00192,EMP_007,2026-05-26,2026-05-28,Completed,Bank Transfer,1810500.0
ORD_00260,CUST_00170,EMP_016,2025-01-07,,Pending,COD,12305000.0
ORD_00261,CUST_00131,EMP_009,2026-02-12,2026-02-17,Completed,Bank Transfer,150000.0
ORD_00262,CUST_00129,EMP_012,2026-02-08,2026-02-10,Shipping,E-Wallet,9835000.0
ORD_00263,CUST_00061,EMP_009,2026-04-28,,Cancelled,Credit Card,4990000.0
ORD_00264,CUST_00193,EMP_012,2026-01-09,2026-01-12,Shipping,E-Wallet,8550000.0
ORD_00265,CUST_00026,EMP_009,2025-08-30,2025-09-03,Completed,Bank Transfer,14155000.0
ORD_00266,CUST_00046,EMP_014,2026-05-27,2026-06-01,Completed,Credit Card,680000.0
ORD_00267,CUST_00016,EMP_007,2025-09-18,2025-09-19,Completed,E-Wallet,9170000.0
ORD_00268,CUST_00106,EMP_004,2025-12-26,2025-12-31,Shipping,Bank Transfer,3395500.0
ORD_00269,CUST_00125,EMP_015,2025-03-22,2025-03-25,Completed,E-Wallet,2270000.0
ORD_00270,CUST_00104,EMP_003,2025-03-23,2025-03-25,Completed,Credit Card,1440000.0
ORD_00271,CUST_00102,EMP_009,2026-04-01,,Pending,Credit Card,674000.0
ORD_00272,CUST_00170,EMP_009,2025-03-23,2025-03-27,Completed,COD,15990000.0
ORD_00273,CUST_00102,EMP_017,2025-03-27,2025-04-01,Completed,Bank Transfer,1350000.0
ORD_00274,CUST_00073,EMP_015,2025-05-10,2025-05-12,Completed,COD,3980000.0
ORD_00275,CUST_00122,EMP_015,2025-10-06,2025-10-08,Completed,Bank Transfer,8125000.0
ORD_00276,CUST_00137,EMP_010,2025-12-22,2025-12-24,Completed,COD,4490000.0
ORD_00277,CUST_00003,EMP_001,2026-06-20,,Pending,Bank Transfer,15990000.0
ORD_00278,CUST_00126,EMP_016,2025-11-03,2025-11-07,Completed,Credit Card,27920000.0
ORD_00279,CUST_00042,EMP_013,2026-01-23,2026-01-24,Completed,E-Wallet,2350000.0
ORD_00280,CUST_00167,EMP_018,2025-10-03,2025-10-04,Completed,Bank Transfer,8490000.0
ORD_00281,CUST_00070,EMP_020,2026-05-19,2026-05-20,Completed,Bank Transfer,552500.0
ORD_00282,CUST_00073,EMP_009,2025-05-09,2025-05-10,Completed,Bank Transfer,27500000.0
ORD_00283,CUST_00080,EMP_016,2026-01-16,2026-01-17,Completed,Credit Card,5970000.0
ORD_00284,CUST_00199,EMP_013,2025-03-15,2025-03-17,Completed,Bank Transfer,27588000.0
ORD_00285,CUST_00009,EMP_007,2026-04-17,2026-04-18,Completed,Bank Transfer,3601000.0
ORD_00286,CUST_00141,EMP_017,2025-05-06,2025-05-09,Completed,Bank Transfer,19000000.0
ORD_00287,CUST_00029,EMP_008,2026-03-21,2026-03-23,Completed,Credit Card,1870000.0
ORD_00288,CUST_00153,EMP_005,2026-01-16,,Pending,Bank Transfer,2100000.0
ORD_00289,CUST_00195,EMP_002,2025-03-03,2025-03-05,Completed,COD,690000.0
ORD_00290,CUST_00166,EMP_012,2026-03-26,2026-03-27,Completed,E-Wallet,2850000.0
ORD_00291,CUST_00181,EMP_015,2025-10-29,2025-11-02,Completed,Bank Transfer,4630000.0
ORD_00292,CUST_00142,EMP_006,2025-03-12,2025-03-16,Completed,Credit Card,5207500.0
ORD_00293,CUST_00199,EMP_020,2025-09-02,2025-09-03,Completed,E-Wallet,890000.0
ORD_00294,CUST_00157,EMP_010,2025-11-27,2025-11-30,Completed,COD,3790500.0
ORD_00295,CUST_00034,EMP_006,2025-02-02,2025-02-06,Completed,Bank Transfer,5200000.0
ORD_00296,CUST_00126,EMP_017,2025-09-20,2025-09-22,Completed,COD,315000.0
ORD_00297,CUST_00021,EMP_015,2025-03-04,2025-03-08,Completed,Credit Card,12190000.0
ORD_00298,CUST_00056,EMP_017,2025-04-10,2025-04-12,Completed,E-Wallet,180000.0
ORD_00299,CUST_00046,EMP_018,2026-03-02,2026-03-07,Completed,Credit Card,13270000.0
ORD_00300,CUST_00130,EMP_011,2025-06-11,2025-06-16,Completed,E-Wallet,9620000.0
ORD_00301,CUST_00097,EMP_018,2025-09-18,2025-09-22,Completed,E-Wallet,59290000.0
ORD_00302,CUST_00177,EMP_009,2026-06-08,2026-06-13,Completed,Bank Transfer,75000.0
ORD_00303,CUST_00094,EMP_019,2025-09-13,2025-09-16,Completed,COD,10580000.0
ORD_00304,CUST_00177,EMP_019,2025-04-08,2025-04-11,Completed,COD,7900000.0
ORD_00305,CUST_00112,EMP_014,2025-05-04,2025-05-06,Shipping,COD,9340000.0
ORD_00306,CUST_00084,EMP_017,2025-08-15,2025-08-19,Completed,E-Wallet,7180000.0
ORD_00307,CUST_00087,EMP_003,2026-05-03,2026-05-04,Completed,E-Wallet,275500.0
ORD_00308,CUST_00034,EMP_005,2026-05-08,2026-05-12,Completed,E-Wallet,885500.0
ORD_00309,CUST_00199,EMP_014,2025-11-28,2025-12-03,Completed,COD,190000.0
ORD_00310,CUST_00083,EMP_012,2025-01-25,,Pending,Bank Transfer,56790000.0
ORD_00311,CUST_00159,EMP_005,2025-10-22,2025-10-23,Completed,Credit Card,31900000.0
ORD_00312,CUST_00067,EMP_018,2026-05-10,2026-05-12,Completed,COD,3990000.0
ORD_00313,CUST_00016,EMP_010,2025-07-25,,Pending,Credit Card,8670000.0
ORD_00314,CUST_00170,EMP_009,2026-01-04,2026-01-05,Shipping,Credit Card,11790000.0
ORD_00315,CUST_00023,EMP_006,2025-07-23,2025-07-27,Completed,COD,180000.0
ORD_00316,CUST_00191,EMP_006,2025-01-19,2025-01-22,Completed,Credit Card,1780000.0
ORD_00317,CUST_00008,EMP_018,2025-10-14,2025-10-17,Completed,E-Wallet,3475000.0
ORD_00318,CUST_00059,EMP_014,2025-09-04,2025-09-08,Completed,Credit Card,9070000.0
ORD_00319,CUST_00177,EMP_017,2025-05-19,2025-05-21,Completed,Bank Transfer,399000.0
ORD_00320,CUST_00048,EMP_011,2025-05-30,2025-06-02,Completed,E-Wallet,24655000.0
ORD_00321,CUST_00146,EMP_020,2025-08-25,2025-08-27,Completed,COD,10580000.0
ORD_00322,CUST_00155,EMP_016,2026-01-18,2026-01-22,Completed,E-Wallet,1613000.0
ORD_00323,CUST_00106,EMP_008,2025-07-27,,Pending,COD,1040000.0
ORD_00324,CUST_00084,EMP_015,2025-09-10,2025-09-11,Completed,E-Wallet,3560000.0
ORD_00325,CUST_00181,EMP_002,2026-06-18,2026-06-22,Completed,COD,1580500.0
ORD_00326,CUST_00075,EMP_015,2026-02-12,2026-02-15,Shipping,E-Wallet,720000.0
ORD_00327,CUST_00133,EMP_005,2026-04-20,,Pending,E-Wallet,940500.0
ORD_00328,CUST_00179,EMP_018,2025-05-19,2025-05-22,Completed,E-Wallet,71250.0
ORD_00329,CUST_00052,EMP_015,2025-04-03,2025-04-05,Completed,COD,3200000.0
ORD_00330,CUST_00135,EMP_013,2026-06-08,2026-06-10,Completed,E-Wallet,24042000.0
ORD_00331,CUST_00042,EMP_005,2025-07-03,,Pending,COD,833000.0
ORD_00332,CUST_00074,EMP_006,2025-05-01,2025-05-03,Shipping,COD,27671000.0
ORD_00333,CUST_00127,EMP_008,2025-08-11,2025-08-15,Completed,E-Wallet,2100000.0
ORD_00334,CUST_00141,EMP_009,2025-08-01,2025-08-03,Completed,COD,48200000.0
ORD_00335,CUST_00023,EMP_002,2025-04-22,2025-04-24,Completed,Bank Transfer,10670000.0
ORD_00336,CUST_00117,EMP_019,2026-01-04,2026-01-05,Shipping,Credit Card,2565000.0
ORD_00337,CUST_00141,EMP_003,2025-10-27,2025-10-28,Completed,Credit Card,190000.0
ORD_00338,CUST_00157,EMP_002,2025-04-22,2025-04-27,Completed,COD,14739500.0
ORD_00339,CUST_00082,EMP_009,2026-06-23,2026-06-28,Completed,Credit Card,12630500.0
ORD_00340,CUST_00050,EMP_001,2025-05-02,2025-05-03,Completed,Bank Transfer,22090000.0
ORD_00341,CUST_00052,EMP_010,2025-09-18,,Pending,Credit Card,420000.0
ORD_00342,CUST_00176,EMP_011,2025-12-16,2025-12-21,Completed,COD,9280000.0
ORD_00343,CUST_00138,EMP_011,2026-04-19,,Pending,E-Wallet,10170000.0
ORD_00344,CUST_00091,EMP_003,2025-06-02,2025-06-03,Completed,Credit Card,19268500.0
ORD_00345,CUST_00023,EMP_016,2025-09-01,2025-09-04,Completed,Bank Transfer,9040000.0
ORD_00346,CUST_00130,EMP_001,2026-05-10,2026-05-12,Shipping,Bank Transfer,31980000.0
ORD_00347,CUST_00199,EMP_011,2025-05-27,,Pending,COD,3831000.0
ORD_00348,CUST_00012,EMP_020,2025-03-31,2025-04-01,Completed,COD,17400000.0
ORD_00349,CUST_00083,EMP_007,2025-07-17,2025-07-22,Completed,Credit Card,11206500.0
ORD_00350,CUST_00144,EMP_017,2025-04-15,2025-04-18,Completed,Credit Card,6400000.0
ORD_00351,CUST_00044,EMP_003,2025-11-15,2025-11-18,Completed,E-Wallet,24000000.0
ORD_00352,CUST_00028,EMP_013,2025-02-25,2025-03-01,Completed,Bank Transfer,13170000.0
ORD_00353,CUST_00051,EMP_018,2025-03-22,,Cancelled,E-Wallet,7125500.0
ORD_00354,CUST_00120,EMP_016,2025-08-26,2025-08-28,Shipping,Credit Card,7260000.0
ORD_00355,CUST_00029,EMP_012,2026-05-06,2026-05-08,Completed,Credit Card,11130000.0
ORD_00356,CUST_00084,EMP_018,2025-03-14,,Pending,E-Wallet,190000.0
ORD_00357,CUST_00041,EMP_016,2026-01-29,2026-01-31,Completed,E-Wallet,5500000.0
ORD_00358,CUST_00020,EMP_019,2026-05-14,2026-05-19,Completed,E-Wallet,4900000.0
ORD_00359,CUST_00104,EMP_003,2025-04-22,2025-04-27,Completed,E-Wallet,2890000.0
ORD_00360,CUST_00036,EMP_019,2025-01-01,,Pending,Bank Transfer,1935000.0
ORD_00361,CUST_00077,EMP_019,2025-11-08,2025-11-12,Shipping,Credit Card,34661000.0
ORD_00362,CUST_00092,EMP_004,2025-10-16,2025-10-18,Shipping,E-Wallet,8280000.0
ORD_00363,CUST_00170,EMP_006,2026-05-02,2026-05-07,Completed,E-Wallet,6431000.0
ORD_00364,CUST_00125,EMP_014,2025-05-20,2025-05-24,Completed,E-Wallet,6627500.0
ORD_00365,CUST_00109,EMP_020,2025-01-08,2025-01-10,Completed,Credit Card,650000.0
ORD_00366,CUST_00010,EMP_019,2026-05-10,2026-05-11,Completed,E-Wallet,15026000.0
ORD_00367,CUST_00190,EMP_003,2025-11-16,2025-11-19,Completed,COD,14581500.0
ORD_00368,CUST_00076,EMP_010,2025-06-21,2025-06-26,Completed,Credit Card,5390000.0
ORD_00369,CUST_00075,EMP_020,2025-01-28,2025-01-29,Completed,Bank Transfer,1270000.0
ORD_00370,CUST_00029,EMP_020,2025-06-28,2025-06-30,Shipping,E-Wallet,522500.0
ORD_00371,CUST_00125,EMP_006,2026-06-25,2026-06-28,Shipping,COD,17107500.0
ORD_00372,CUST_00165,EMP_009,2025-04-29,2025-05-03,Completed,E-Wallet,58073000.0
ORD_00373,CUST_00100,EMP_016,2025-09-26,2025-09-30,Completed,COD,520000.0
ORD_00374,CUST_00136,EMP_002,2025-04-10,2025-04-13,Shipping,E-Wallet,3780000.0
ORD_00375,CUST_00101,EMP_015,2025-09-05,2025-09-10,Completed,Bank Transfer,9740000.0
ORD_00376,CUST_00018,EMP_001,2026-02-26,2026-02-27,Completed,E-Wallet,1690000.0
ORD_00377,CUST_00007,EMP_020,2025-04-05,2025-04-10,Completed,Bank Transfer,30541000.0
ORD_00378,CUST_00065,EMP_010,2026-04-24,2026-04-25,Completed,E-Wallet,3570000.0
ORD_00379,CUST_00016,EMP_013,2026-02-02,2026-02-03,Completed,Credit Card,24241000.0
ORD_00380,CUST_00165,EMP_004,2026-03-29,2026-03-30,Completed,COD,9880000.0
ORD_00381,CUST_00005,EMP_016,2025-06-02,2025-06-03,Completed,COD,3802000.0
ORD_00382,CUST_00198,EMP_016,2026-05-05,2026-05-06,Completed,Bank Transfer,10580000.0
ORD_00383,CUST_00146,EMP_018,2026-01-03,2026-01-06,Completed,E-Wallet,2890000.0
ORD_00384,CUST_00088,EMP_003,2026-04-16,,Pending,Credit Card,970000.0
ORD_00385,CUST_00028,EMP_012,2026-05-14,2026-05-18,Completed,Bank Transfer,416500.0
ORD_00386,CUST_00062,EMP_016,2026-02-03,2026-02-08,Completed,Credit Card,48520000.0
ORD_00387,CUST_00031,EMP_007,2026-06-20,2026-06-25,Completed,Bank Transfer,12190000.0
ORD_00388,CUST_00159,EMP_002,2025-09-06,2025-09-08,Completed,COD,27075000.0
ORD_00389,CUST_00025,EMP_015,2025-06-24,,Pending,COD,15680500.0
ORD_00390,CUST_00189,EMP_013,2025-11-29,2025-12-04,Completed,Bank Transfer,700000.0
ORD_00391,CUST_00086,EMP_003,2025-05-04,2025-05-08,Completed,Bank Transfer,668000.0
ORD_00392,CUST_00162,EMP_020,2026-01-21,,Pending,COD,34007500.0
ORD_00393,CUST_00122,EMP_005,2025-07-31,2025-08-03,Completed,E-Wallet,550000.0
ORD_00394,CUST_00047,EMP_016,2025-04-01,2025-04-04,Completed,Credit Card,420000.0
ORD_00395,CUST_00136,EMP_004,2026-01-06,2026-01-11,Shipping,Bank Transfer,11980000.0
ORD_00396,CUST_00122,EMP_016,2025-06-30,2025-07-01,Completed,COD,1385000.0
ORD_00397,CUST_00012,EMP_004,2025-02-23,2025-02-25,Shipping,Bank Transfer,6471000.0
ORD_00398,CUST_00084,EMP_014,2025-07-23,2025-07-26,Completed,Bank Transfer,5455500.0
ORD_00399,CUST_00057,EMP_003,2026-04-28,2026-04-29,Completed,E-Wallet,2690000.0
ORD_00400,CUST_00035,EMP_015,2025-07-18,2025-07-21,Completed,Bank Transfer,21900000.0
ORD_00401,CUST_00035,EMP_004,2026-04-22,2026-04-24,Completed,Credit Card,684000.0
ORD_00402,CUST_00164,EMP_020,2025-06-24,2025-06-29,Completed,Bank Transfer,153000.0
ORD_00403,CUST_00152,EMP_016,2026-04-19,2026-04-23,Completed,Bank Transfer,135000.0
ORD_00404,CUST_00152,EMP_005,2025-01-06,2025-01-07,Completed,COD,25865000.0
ORD_00405,CUST_00178,EMP_014,2025-08-12,2025-08-15,Completed,Bank Transfer,45300000.0
ORD_00406,CUST_00192,EMP_019,2025-01-25,,Cancelled,E-Wallet,3155500.0
ORD_00407,CUST_00001,EMP_003,2026-01-30,2026-02-02,Shipping,COD,1791000.0
ORD_00408,CUST_00139,EMP_019,2025-08-01,,Pending,COD,68400000.0
ORD_00409,CUST_00014,EMP_004,2026-01-28,2026-02-02,Completed,COD,522500.0
ORD_00410,CUST_00144,EMP_007,2025-05-22,,Cancelled,Bank Transfer,35872000.0
ORD_00411,CUST_00193,EMP_008,2025-11-25,2025-11-28,Completed,E-Wallet,11500000.0
ORD_00412,CUST_00129,EMP_017,2025-05-06,2025-05-11,Completed,Credit Card,15466500.0
ORD_00413,CUST_00118,EMP_003,2025-03-24,2025-03-26,Completed,Credit Card,15710000.0
ORD_00414,CUST_00034,EMP_016,2025-12-22,2025-12-23,Completed,Credit Card,48000000.0
ORD_00415,CUST_00134,EMP_011,2026-02-26,2026-03-01,Completed,E-Wallet,10760000.0
ORD_00416,CUST_00079,EMP_006,2025-09-24,2025-09-27,Completed,Credit Card,11480000.0
ORD_00417,CUST_00183,EMP_018,2025-10-20,2025-10-22,Completed,Bank Transfer,8490000.0
ORD_00418,CUST_00033,EMP_015,2025-09-24,2025-09-26,Completed,COD,4190000.0
ORD_00419,CUST_00007,EMP_013,2026-05-27,,Pending,E-Wallet,55030000.0
ORD_00420,CUST_00194,EMP_019,2025-05-31,,Pending,E-Wallet,15282000.0
ORD_00421,CUST_00036,EMP_018,2025-04-30,2025-05-04,Completed,Bank Transfer,2100000.0
ORD_00422,CUST_00050,EMP_019,2026-06-24,2026-06-27,Completed,Bank Transfer,1300000.0
ORD_00423,CUST_00023,EMP_017,2026-02-08,2026-02-11,Completed,COD,11470000.0
ORD_00424,CUST_00115,EMP_018,2025-03-31,2025-04-04,Completed,E-Wallet,4430000.0
ORD_00425,CUST_00054,EMP_010,2026-05-02,,Cancelled,Credit Card,5180000.0
ORD_00426,CUST_00105,EMP_009,2026-03-01,2026-03-05,Completed,Bank Transfer,1350000.0
ORD_00427,CUST_00078,EMP_019,2025-11-08,2025-11-12,Completed,Bank Transfer,27500000.0
ORD_00428,CUST_00164,EMP_016,2025-05-08,2025-05-11,Completed,E-Wallet,5290000.0
ORD_00429,CUST_00196,EMP_009,2026-05-20,,Cancelled,COD,7080000.0
ORD_00430,CUST_00178,EMP_004,2026-01-18,2026-01-23,Completed,COD,12380000.0
ORD_00431,CUST_00163,EMP_012,2025-02-19,2025-02-24,Completed,COD,17170000.0
ORD_00432,CUST_00081,EMP_010,2025-10-05,2025-10-08,Completed,COD,4190000.0
ORD_00433,CUST_00088,EMP_006,2025-04-15,2025-04-20,Completed,Bank Transfer,14110000.0
ORD_00434,CUST_00118,EMP_003,2025-04-30,,Pending,COD,11045500.0
ORD_00435,CUST_00196,EMP_011,2025-06-26,2025-06-27,Completed,COD,5290000.0
ORD_00436,CUST_00033,EMP_007,2025-05-14,,Cancelled,E-Wallet,19990000.0
ORD_00437,CUST_00009,EMP_017,2025-03-02,2025-03-05,Completed,COD,3990000.0
ORD_00438,CUST_00032,EMP_020,2025-07-30,2025-08-01,Completed,Bank Transfer,24900000.0
ORD_00439,CUST_00091,EMP_006,2026-05-28,,Pending,Bank Transfer,24177500.0
ORD_00440,CUST_00073,EMP_006,2025-01-05,,Cancelled,COD,19700000.0
ORD_00441,CUST_00098,EMP_014,2025-08-08,2025-08-12,Completed,COD,12780000.0
ORD_00442,CUST_00074,EMP_018,2025-02-11,2025-02-15,Completed,COD,75000.0
ORD_00443,CUST_00114,EMP_008,2026-02-22,2026-02-26,Completed,Bank Transfer,18971500.0
ORD_00444,CUST_00022,EMP_004,2025-05-27,2025-06-01,Completed,COD,11215000.0
ORD_00445,CUST_00104,EMP_004,2025-08-27,,Pending,E-Wallet,6400000.0
ORD_00446,CUST_00194,EMP_013,2025-12-31,2026-01-05,Completed,E-Wallet,10741000.0
ORD_00447,CUST_00128,EMP_001,2025-07-03,2025-07-06,Completed,Bank Transfer,2690000.0
ORD_00448,CUST_00193,EMP_017,2026-05-20,,Pending,Bank Transfer,4990000.0
ORD_00449,CUST_00088,EMP_018,2025-01-19,,Cancelled,COD,27404000.0
ORD_00450,CUST_00111,EMP_005,2025-11-16,2025-11-20,Completed,COD,8980000.0
ORD_00451,CUST_00041,EMP_017,2025-02-27,2025-03-03,Completed,E-Wallet,7160000.0
ORD_00452,CUST_00094,EMP_012,2025-01-28,,Pending,Credit Card,150000.0
ORD_00453,CUST_00090,EMP_002,2025-09-08,2025-09-11,Completed,COD,28970000.0
ORD_00454,CUST_00108,EMP_009,2025-01-21,2025-01-26,Completed,COD,14425500.0
ORD_00455,CUST_00094,EMP_014,2025-07-26,2025-07-27,Completed,Bank Transfer,9500000.0
ORD_00456,CUST_00058,EMP_020,2025-04-05,2025-04-10,Completed,COD,12390000.0
ORD_00457,CUST_00020,EMP_010,2026-06-01,,Pending,E-Wallet,4780000.0
ORD_00458,CUST_00141,EMP_006,2025-01-20,2025-01-25,Completed,Bank Transfer,4588500.0
ORD_00459,CUST_00137,EMP_020,2026-03-21,2026-03-22,Shipping,Bank Transfer,2090000.0
ORD_00460,CUST_00196,EMP_010,2026-03-22,2026-03-23,Completed,Bank Transfer,4500000.0
ORD_00461,CUST_00080,EMP_015,2026-05-13,2026-05-17,Completed,E-Wallet,22365500.0
ORD_00462,CUST_00169,EMP_018,2025-06-30,2025-07-01,Completed,E-Wallet,11285000.0
ORD_00463,CUST_00094,EMP_003,2026-02-11,2026-02-13,Shipping,Bank Transfer,14900000.0
ORD_00464,CUST_00171,EMP_019,2026-06-22,2026-06-23,Completed,Bank Transfer,5265500.0
ORD_00465,CUST_00061,EMP_014,2025-08-12,2025-08-14,Completed,Bank Transfer,3490000.0
ORD_00466,CUST_00038,EMP_012,2026-05-02,2026-05-05,Completed,COD,68200000.0
ORD_00467,CUST_00172,EMP_008,2025-09-17,2025-09-20,Completed,Credit Card,9795500.0
ORD_00468,CUST_00066,EMP_010,2025-04-03,2025-04-05,Shipping,Credit Card,870000.0
ORD_00469,CUST_00197,EMP_014,2025-02-04,2025-02-05,Completed,E-Wallet,15352000.0
ORD_00470,CUST_00179,EMP_009,2026-06-03,2026-06-07,Completed,Credit Card,25890500.0
ORD_00471,CUST_00035,EMP_001,2026-02-15,2026-02-18,Completed,Credit Card,8645500.0
ORD_00472,CUST_00034,EMP_020,2026-02-25,,Pending,Credit Card,20315000.0
ORD_00473,CUST_00051,EMP_003,2026-03-01,2026-03-05,Completed,E-Wallet,75930000.0
ORD_00474,CUST_00051,EMP_009,2025-06-22,2025-06-27,Completed,E-Wallet,8700000.0
ORD_00475,CUST_00135,EMP_014,2026-04-10,,Pending,E-Wallet,2880000.0
ORD_00476,CUST_00069,EMP_010,2026-05-22,2026-05-26,Completed,Bank Transfer,2410000.0
ORD_00477,CUST_00075,EMP_009,2025-08-30,2025-09-01,Completed,Credit Card,3017500.0
ORD_00478,CUST_00102,EMP_007,2026-01-28,2026-02-02,Completed,Credit Card,420000.0
ORD_00479,CUST_00061,EMP_016,2025-12-29,,Cancelled,COD,990000.0
ORD_00480,CUST_00102,EMP_012,2025-05-16,,Cancelled,COD,751000.0
ORD_00481,CUST_00082,EMP_017,2026-03-20,2026-03-21,Completed,Credit Card,2422500.0
ORD_00482,CUST_00072,EMP_012,2026-03-17,2026-03-20,Completed,Credit Card,707500.0
ORD_00483,CUST_00169,EMP_015,2025-02-24,2025-02-25,Completed,Bank Transfer,15190500.0
ORD_00484,CUST_00112,EMP_004,2026-05-22,2026-05-25,Completed,E-Wallet,18501000.0
ORD_00485,CUST_00047,EMP_006,2026-06-05,,Pending,Bank Transfer,55540000.0
ORD_00486,CUST_00128,EMP_004,2025-12-03,2025-12-04,Completed,E-Wallet,4900000.0
ORD_00487,CUST_00021,EMP_015,2026-05-07,2026-05-10,Completed,COD,18615000.0
ORD_00488,CUST_00084,EMP_019,2025-05-13,2025-05-14,Completed,Credit Card,19000000.0
ORD_00489,CUST_00155,EMP_013,2025-04-05,2025-04-07,Completed,Bank Transfer,26620500.0
ORD_00490,CUST_00080,EMP_020,2025-05-15,2025-05-16,Completed,Credit Card,10500000.0
ORD_00491,CUST_00194,EMP_014,2026-01-13,2026-01-17,Completed,E-Wallet,990000.0
ORD_00492,CUST_00058,EMP_005,2026-05-23,2026-05-28,Completed,COD,142500.0
ORD_00493,CUST_00077,EMP_005,2025-05-11,2025-05-14,Completed,Bank Transfer,5920000.0
ORD_00494,CUST_00109,EMP_014,2025-04-07,2025-04-12,Completed,Credit Card,2590000.0
ORD_00495,CUST_00030,EMP_015,2025-07-03,,Pending,E-Wallet,380000.0
ORD_00496,CUST_00151,EMP_015,2026-04-06,2026-04-09,Completed,Credit Card,20100000.0
ORD_00497,CUST_00118,EMP_013,2026-05-14,2026-05-19,Completed,Credit Card,6180000.0
ORD_00498,CUST_00029,EMP_001,2025-07-12,2025-07-14,Shipping,E-Wallet,4470000.0
ORD_00499,CUST_00078,EMP_015,2025-06-01,2025-06-02,Completed,COD,4400000.0
ORD_00500,CUST_00125,EMP_016,2025-01-21,2025-01-26,Shipping,Bank Transfer,10400000.0
ORD_00501,CUST_00086,EMP_001,2025-04-16,2025-04-20,Completed,E-Wallet,29107500.0
ORD_00502,CUST_00174,EMP_016,2025-08-26,2025-08-31,Completed,COD,4290000.0
ORD_00503,CUST_00166,EMP_014,2026-04-30,2026-05-05,Completed,Credit Card,150000.0
ORD_00504,CUST_00050,EMP_016,2025-12-19,2025-12-24,Completed,Bank Transfer,18203000.0
ORD_00505,CUST_00076,EMP_013,2026-03-03,,Pending,Credit Card,2980000.0
ORD_00506,CUST_00045,EMP_007,2025-06-10,2025-06-11,Completed,E-Wallet,6221000.0
ORD_00507,CUST_00129,EMP_002,2025-03-07,2025-03-08,Completed,Bank Transfer,586500.0
ORD_00508,CUST_00091,EMP_002,2025-10-01,2025-10-06,Shipping,COD,1695750.0
ORD_00509,CUST_00157,EMP_004,2025-02-12,2025-02-14,Completed,COD,6455500.0
ORD_00510,CUST_00086,EMP_005,2025-05-06,,Pending,E-Wallet,46260000.0
ORD_00511,CUST_00193,EMP_017,2026-03-08,,Pending,Bank Transfer,626000.0
ORD_00512,CUST_00018,EMP_003,2025-12-13,2025-12-15,Completed,E-Wallet,1791000.0
ORD_00513,CUST_00039,EMP_019,2025-03-01,,Cancelled,Credit Card,1602000.0
ORD_00514,CUST_00185,EMP_011,2025-12-19,2025-12-22,Completed,Bank Transfer,6300000.0
ORD_00515,CUST_00179,EMP_012,2026-02-19,,Pending,Credit Card,617500.0
ORD_00516,CUST_00190,EMP_005,2026-06-17,,Cancelled,Credit Card,990000.0
ORD_00517,CUST_00194,EMP_006,2025-01-24,2025-01-29,Completed,Credit Card,1190000.0
ORD_00518,CUST_00130,EMP_004,2025-03-03,,Pending,Credit Card,10480000.0
ORD_00519,CUST_00189,EMP_001,2026-04-10,2026-04-12,Completed,Bank Transfer,684000.0
ORD_00520,CUST_00147,EMP_005,2026-01-22,2026-01-24,Completed,COD,2460500.0
ORD_00521,CUST_00117,EMP_004,2025-05-31,2025-06-04,Completed,COD,300000.0
ORD_00522,CUST_00115,EMP_003,2026-01-14,2026-01-18,Completed,E-Wallet,40331500.0
ORD_00523,CUST_00037,EMP_017,2025-05-11,2025-05-15,Completed,Bank Transfer,13820500.0
ORD_00524,CUST_00031,EMP_012,2025-10-24,2025-10-26,Completed,COD,4490000.0
ORD_00525,CUST_00037,EMP_005,2026-03-08,2026-03-11,Completed,Credit Card,14900000.0
ORD_00526,CUST_00090,EMP_003,2025-02-15,2025-02-20,Completed,Credit Card,8787500.0
ORD_00527,CUST_00130,EMP_015,2026-04-06,2026-04-08,Completed,Credit Card,2690000.0
ORD_00528,CUST_00060,EMP_013,2025-12-14,2025-12-18,Completed,Credit Card,6690000.0
ORD_00529,CUST_00166,EMP_004,2025-03-29,2025-04-03,Completed,COD,21830500.0
ORD_00530,CUST_00149,EMP_015,2025-03-28,,Pending,Credit Card,19710000.0
ORD_00531,CUST_00088,EMP_014,2025-07-04,2025-07-09,Completed,Credit Card,2100000.0
ORD_00532,CUST_00044,EMP_010,2025-05-28,2025-05-29,Completed,Bank Transfer,190000.0
ORD_00533,CUST_00084,EMP_006,2025-01-28,2025-01-31,Completed,E-Wallet,2200000.0
ORD_00534,CUST_00097,EMP_004,2025-02-23,2025-02-28,Completed,Bank Transfer,2980000.0
ORD_00535,CUST_00105,EMP_003,2026-05-11,2026-05-13,Completed,COD,2590000.0
ORD_00536,CUST_00143,EMP_005,2025-11-08,2025-11-12,Completed,COD,3521500.0
ORD_00537,CUST_00116,EMP_002,2025-01-02,,Pending,Credit Card,27761000.0
ORD_00538,CUST_00175,EMP_013,2025-12-26,,Pending,Bank Transfer,1660500.0
ORD_00539,CUST_00102,EMP_004,2025-05-24,2025-05-27,Completed,E-Wallet,2970000.0
ORD_00540,CUST_00175,EMP_011,2025-09-25,,Cancelled,E-Wallet,19950000.0
ORD_00541,CUST_00118,EMP_020,2025-12-03,2025-12-05,Completed,COD,28390000.0
ORD_00542,CUST_00101,EMP_018,2025-03-25,,Pending,COD,4978000.0
ORD_00543,CUST_00092,EMP_013,2025-07-01,,Pending,COD,13470000.0
ORD_00544,CUST_00057,EMP_001,2025-10-15,2025-10-18,Completed,Bank Transfer,2555500.0
ORD_00545,CUST_00057,EMP_008,2026-05-21,,Cancelled,COD,6400000.0
ORD_00546,CUST_00051,EMP_013,2025-04-24,2025-04-29,Shipping,E-Wallet,490000.0
ORD_00547,CUST_00175,EMP_020,2025-06-29,2025-07-01,Completed,COD,9360000.0
ORD_00548,CUST_00187,EMP_009,2025-07-16,,Pending,COD,9097000.0
ORD_00549,CUST_00111,EMP_014,2025-10-08,2025-10-13,Completed,E-Wallet,1962000.0
ORD_00550,CUST_00137,EMP_015,2025-11-20,2025-11-22,Completed,Credit Card,8840000.0
ORD_00551,CUST_00058,EMP_014,2025-03-18,2025-03-20,Shipping,Bank Transfer,11500000.0
ORD_00552,CUST_00123,EMP_014,2025-01-25,2025-01-28,Completed,Credit Card,15990000.0
ORD_00553,CUST_00014,EMP_011,2026-06-17,,Pending,COD,5900000.0
ORD_00554,CUST_00016,EMP_002,2026-01-22,2026-01-23,Completed,Bank Transfer,520000.0
ORD_00555,CUST_00111,EMP_003,2025-04-15,2025-04-20,Completed,COD,1350000.0
ORD_00556,CUST_00106,EMP_008,2025-01-11,2025-01-15,Completed,E-Wallet,13040000.0
ORD_00557,CUST_00004,EMP_020,2025-03-11,2025-03-13,Completed,Bank Transfer,2170500.0
ORD_00558,CUST_00012,EMP_002,2025-05-11,2025-05-15,Completed,Credit Card,1300000.0
ORD_00559,CUST_00080,EMP_020,2025-12-18,2025-12-19,Completed,Bank Transfer,1980000.0
ORD_00560,CUST_00014,EMP_014,2025-12-19,2025-12-21,Completed,Bank Transfer,10350000.0
ORD_00561,CUST_00085,EMP_019,2025-12-10,2025-12-14,Completed,Credit Card,135000.0
ORD_00562,CUST_00127,EMP_008,2025-01-04,2025-01-06,Completed,E-Wallet,16533500.0
ORD_00563,CUST_00053,EMP_013,2025-07-08,,Pending,COD,11500000.0
ORD_00564,CUST_00037,EMP_010,2026-03-27,2026-04-01,Completed,Credit Card,24000000.0
ORD_00565,CUST_00057,EMP_009,2025-06-28,2025-07-03,Completed,Bank Transfer,24000000.0
ORD_00566,CUST_00026,EMP_001,2025-05-21,2025-05-22,Completed,Credit Card,2145000.0
ORD_00567,CUST_00112,EMP_003,2025-05-02,2025-05-04,Completed,Bank Transfer,1350000.0
ORD_00568,CUST_00110,EMP_008,2025-02-17,,Pending,Bank Transfer,7210000.0
ORD_00569,CUST_00126,EMP_007,2025-03-25,,Pending,COD,2700000.0
ORD_00570,CUST_00131,EMP_012,2026-05-26,2026-05-28,Completed,Credit Card,5443000.0
ORD_00571,CUST_00164,EMP_019,2025-02-07,2025-02-09,Completed,E-Wallet,1112500.0
ORD_00572,CUST_00193,EMP_003,2025-10-30,2025-11-02,Completed,Bank Transfer,1065000.0
ORD_00573,CUST_00128,EMP_011,2025-10-07,2025-10-09,Completed,E-Wallet,2601000.0
ORD_00574,CUST_00076,EMP_017,2026-06-10,2026-06-11,Completed,Credit Card,21865000.0
ORD_00575,CUST_00197,EMP_009,2025-07-15,2025-07-17,Completed,Credit Card,490000.0
ORD_00576,CUST_00104,EMP_013,2025-01-13,2025-01-18,Completed,Bank Transfer,16535000.0
ORD_00577,CUST_00088,EMP_003,2025-11-17,,Pending,E-Wallet,5480000.0
ORD_00578,CUST_00148,EMP_005,2025-11-09,2025-11-10,Shipping,E-Wallet,10185000.0
ORD_00579,CUST_00006,EMP_019,2025-02-02,2025-02-04,Shipping,Credit Card,7325000.0
ORD_00580,CUST_00137,EMP_013,2025-07-12,2025-07-15,Completed,E-Wallet,2485000.0
ORD_00581,CUST_00155,EMP_016,2025-01-28,2025-01-29,Completed,E-Wallet,690000.0
ORD_00582,CUST_00117,EMP_002,2026-01-13,2026-01-15,Completed,Credit Card,1486500.0
ORD_00583,CUST_00053,EMP_005,2025-07-30,2025-08-03,Completed,Bank Transfer,3055500.0
ORD_00584,CUST_00037,EMP_015,2025-03-07,,Pending,Bank Transfer,15180000.0
ORD_00585,CUST_00117,EMP_012,2025-11-01,2025-11-03,Completed,E-Wallet,5380000.0
ORD_00586,CUST_00169,EMP_006,2025-04-08,2025-04-09,Completed,Bank Transfer,22708500.0
ORD_00587,CUST_00106,EMP_018,2025-05-05,,Cancelled,COD,3170000.0
ORD_00588,CUST_00012,EMP_015,2025-01-28,2025-02-01,Completed,E-Wallet,580000.0
ORD_00589,CUST_00003,EMP_009,2025-04-28,2025-04-30,Completed,Credit Card,4815500.0
ORD_00590,CUST_00113,EMP_005,2026-04-28,,Pending,Bank Transfer,24000000.0
ORD_00591,CUST_00032,EMP_018,2026-02-05,2026-02-06,Completed,Credit Card,1890500.0
ORD_00592,CUST_00173,EMP_018,2025-08-10,2025-08-11,Completed,COD,490000.0
ORD_00593,CUST_00013,EMP_013,2025-07-26,2025-07-29,Shipping,Bank Transfer,20400000.0
ORD_00594,CUST_00087,EMP_007,2025-03-06,2025-03-07,Completed,Bank Transfer,20995000.0
ORD_00595,CUST_00160,EMP_007,2026-02-09,2026-02-10,Shipping,Bank Transfer,1990000.0
ORD_00596,CUST_00168,EMP_011,2025-01-13,2025-01-17,Completed,Bank Transfer,890000.0
ORD_00597,CUST_00018,EMP_007,2026-02-25,2026-03-02,Completed,E-Wallet,21052500.0
ORD_00598,CUST_00086,EMP_006,2025-11-22,,Cancelled,E-Wallet,24000000.0
ORD_00599,CUST_00098,EMP_017,2025-08-27,2025-08-28,Completed,Bank Transfer,3980000.0
ORD_00600,CUST_00189,EMP_014,2025-09-07,2025-09-08,Completed,Bank Transfer,720000.0
ORD_00601,CUST_00165,EMP_002,2025-09-01,2025-09-06,Shipping,E-Wallet,13600000.0
ORD_00602,CUST_00107,EMP_010,2025-01-25,2025-01-28,Completed,Credit Card,585000.0
ORD_00603,CUST_00064,EMP_008,2026-01-26,2026-01-28,Completed,E-Wallet,16490000.0
ORD_00604,CUST_00053,EMP_005,2025-04-04,2025-04-09,Completed,Bank Transfer,2100000.0
ORD_00605,CUST_00043,EMP_007,2025-09-08,2025-09-13,Completed,Bank Transfer,5200000.0
ORD_00606,CUST_00070,EMP_016,2025-03-23,,Cancelled,Credit Card,290000.0
ORD_00607,CUST_00157,EMP_014,2025-06-09,,Pending,E-Wallet,1350000.0
ORD_00608,CUST_00077,EMP_020,2025-06-06,2025-06-08,Completed,Credit Card,490000.0
ORD_00609,CUST_00156,EMP_016,2025-03-15,2025-03-19,Completed,Bank Transfer,441000.0
ORD_00610,CUST_00187,EMP_012,2026-05-19,2026-05-23,Completed,E-Wallet,21300000.0
ORD_00611,CUST_00112,EMP_009,2025-12-23,2025-12-27,Completed,Credit Card,9586500.0
ORD_00612,CUST_00093,EMP_001,2025-06-01,2025-06-05,Completed,Bank Transfer,1250000.0
ORD_00613,CUST_00042,EMP_001,2025-04-30,,Pending,E-Wallet,7770000.0
ORD_00614,CUST_00049,EMP_014,2025-06-19,,Pending,Credit Card,1640000.0
ORD_00615,CUST_00187,EMP_003,2025-04-22,2025-04-25,Completed,Bank Transfer,1050000.0
ORD_00616,CUST_00079,EMP_001,2025-06-22,,Pending,COD,1190000.0
ORD_00617,CUST_00168,EMP_010,2026-03-18,2026-03-21,Completed,Bank Transfer,5181500.0
ORD_00618,CUST_00048,EMP_007,2025-03-02,2025-03-04,Completed,Credit Card,11390000.0
ORD_00619,CUST_00125,EMP_004,2025-01-10,2025-01-11,Completed,COD,360000.0
ORD_00620,CUST_00134,EMP_009,2026-05-13,2026-05-16,Completed,E-Wallet,1513000.0
ORD_00621,CUST_00062,EMP_012,2026-02-13,2026-02-14,Completed,Credit Card,54475000.0
ORD_00622,CUST_00136,EMP_009,2025-09-12,2025-09-17,Completed,E-Wallet,5460000.0
ORD_00623,CUST_00163,EMP_012,2025-02-16,,Cancelled,Credit Card,3155500.0
ORD_00624,CUST_00122,EMP_004,2026-01-30,2026-02-01,Completed,Bank Transfer,12447500.0
ORD_00625,CUST_00120,EMP_006,2026-04-02,,Cancelled,E-Wallet,1061000.0
ORD_00626,CUST_00184,EMP_001,2025-06-14,2025-06-17,Shipping,E-Wallet,4070000.0
ORD_00627,CUST_00035,EMP_018,2026-05-19,2026-05-22,Completed,Bank Transfer,15065000.0
ORD_00628,CUST_00144,EMP_014,2025-08-27,2025-08-28,Completed,Credit Card,2100000.0
ORD_00629,CUST_00049,EMP_004,2026-01-12,2026-01-15,Completed,E-Wallet,28333000.0
ORD_00630,CUST_00082,EMP_012,2025-05-10,2025-05-15,Completed,Bank Transfer,27500000.0
ORD_00631,CUST_00038,EMP_010,2025-08-13,2025-08-17,Completed,Bank Transfer,31890000.0
ORD_00632,CUST_00080,EMP_017,2025-05-07,2025-05-12,Completed,E-Wallet,5038000.0
ORD_00633,CUST_00040,EMP_007,2025-08-19,2025-08-20,Completed,Bank Transfer,9433000.0
ORD_00634,CUST_00174,EMP_016,2025-12-23,,Pending,E-Wallet,1690000.0
ORD_00635,CUST_00050,EMP_018,2026-02-08,2026-02-11,Completed,COD,3840000.0
ORD_00636,CUST_00192,EMP_007,2025-01-10,2025-01-15,Completed,COD,9030000.0
ORD_00637,CUST_00025,EMP_012,2026-05-01,2026-05-02,Completed,COD,19287500.0
ORD_00638,CUST_00168,EMP_013,2025-04-02,,Pending,E-Wallet,2890000.0
ORD_00639,CUST_00030,EMP_003,2025-05-05,2025-05-10,Completed,Bank Transfer,26000000.0
ORD_00640,CUST_00178,EMP_004,2025-07-05,2025-07-09,Completed,Credit Card,10785000.0
ORD_00641,CUST_00180,EMP_001,2026-02-08,2026-02-13,Completed,E-Wallet,2460500.0
ORD_00642,CUST_00167,EMP_004,2025-08-01,,Cancelled,COD,1250000.0
ORD_00643,CUST_00115,EMP_011,2025-05-06,2025-05-11,Completed,Bank Transfer,2415000.0
ORD_00644,CUST_00077,EMP_012,2025-06-25,2025-06-26,Completed,Bank Transfer,540000.0
ORD_00645,CUST_00137,EMP_015,2025-05-24,2025-05-27,Completed,Credit Card,1340000.0
ORD_00646,CUST_00037,EMP_010,2025-08-09,,Cancelled,Bank Transfer,4630000.0
ORD_00647,CUST_00167,EMP_006,2026-02-14,2026-02-17,Completed,E-Wallet,5690000.0
ORD_00648,CUST_00169,EMP_017,2025-06-17,2025-06-19,Completed,Credit Card,26625000.0
ORD_00649,CUST_00200,EMP_009,2025-05-30,2025-06-01,Shipping,Credit Card,4050000.0
ORD_00650,CUST_00027,EMP_004,2025-06-29,2025-07-02,Completed,E-Wallet,3582000.0
ORD_00651,CUST_00142,EMP_009,2025-04-12,2025-04-14,Shipping,Credit Card,7780000.0
ORD_00652,CUST_00152,EMP_005,2025-09-23,2025-09-28,Completed,Bank Transfer,6250000.0
ORD_00653,CUST_00095,EMP_008,2026-03-05,2026-03-07,Completed,E-Wallet,3617000.0
ORD_00654,CUST_00198,EMP_011,2025-04-03,2025-04-04,Completed,Bank Transfer,23660000.0
ORD_00655,CUST_00174,EMP_017,2025-05-20,2025-05-25,Completed,COD,2555500.0
ORD_00656,CUST_00002,EMP_014,2025-12-20,2025-12-25,Completed,COD,3496500.0
ORD_00657,CUST_00094,EMP_005,2026-06-11,2026-06-12,Completed,E-Wallet,5135500.0
ORD_00658,CUST_00197,EMP_004,2025-10-25,2025-10-28,Completed,Credit Card,14900000.0
ORD_00659,CUST_00079,EMP_017,2025-02-06,2025-02-11,Shipping,E-Wallet,27500000.0
ORD_00660,CUST_00091,EMP_004,2025-01-06,2025-01-08,Completed,E-Wallet,2450000.0
ORD_00661,CUST_00136,EMP_017,2025-06-07,2025-06-11,Completed,COD,3990000.0
ORD_00662,CUST_00096,EMP_010,2026-01-09,2026-01-11,Completed,Credit Card,520000.0
ORD_00663,CUST_00036,EMP_012,2026-03-21,2026-03-23,Completed,COD,21900000.0
ORD_00664,CUST_00085,EMP_002,2025-06-14,2025-06-18,Completed,Credit Card,4740500.0
ORD_00665,CUST_00183,EMP_005,2025-11-29,,Pending,E-Wallet,15365000.0
ORD_00666,CUST_00089,EMP_017,2025-01-14,,Pending,Bank Transfer,7900000.0
ORD_00667,CUST_00003,EMP_014,2026-05-07,2026-05-11,Completed,COD,3345500.0
ORD_00668,CUST_00068,EMP_008,2026-03-16,2026-03-17,Completed,Bank Transfer,2590000.0
ORD_00669,CUST_00031,EMP_005,2026-02-15,2026-02-17,Completed,Bank Transfer,2421000.0
ORD_00670,CUST_00098,EMP_014,2026-06-22,2026-06-24,Completed,Bank Transfer,15990000.0
ORD_00671,CUST_00014,EMP_010,2025-04-23,2025-04-26,Completed,Credit Card,5870000.0
ORD_00672,CUST_00083,EMP_007,2025-10-20,2025-10-25,Completed,COD,570000.0
ORD_00673,CUST_00078,EMP_004,2025-04-10,2025-04-15,Completed,Bank Transfer,28310000.0
ORD_00674,CUST_00151,EMP_017,2026-01-16,2026-01-19,Completed,Bank Transfer,4445000.0
ORD_00675,CUST_00168,EMP_007,2025-07-17,2025-07-18,Completed,COD,12568000.0
ORD_00676,CUST_00141,EMP_009,2025-12-22,2025-12-26,Shipping,COD,41916500.0
ORD_00677,CUST_00075,EMP_002,2025-03-04,,Pending,Bank Transfer,15231000.0
ORD_00678,CUST_00193,EMP_017,2026-01-29,2026-02-02,Completed,E-Wallet,900000.0
ORD_00679,CUST_00132,EMP_015,2026-05-31,2026-06-05,Completed,Credit Card,690000.0
ORD_00680,CUST_00031,EMP_006,2025-08-18,2025-08-20,Completed,Credit Card,6600000.0
ORD_00681,CUST_00035,EMP_009,2025-02-22,2025-02-24,Completed,Bank Transfer,30390000.0
ORD_00682,CUST_00181,EMP_018,2025-09-28,2025-10-02,Completed,Credit Card,9500000.0
ORD_00683,CUST_00092,EMP_008,2025-10-14,2025-10-15,Completed,COD,17220000.0
ORD_00684,CUST_00053,EMP_015,2025-08-14,2025-08-16,Completed,E-Wallet,1380000.0
ORD_00685,CUST_00038,EMP_016,2025-04-06,2025-04-10,Completed,Bank Transfer,6212500.0
ORD_00686,CUST_00101,EMP_020,2025-07-12,2025-07-13,Completed,E-Wallet,8670000.0
ORD_00687,CUST_00135,EMP_005,2025-01-13,2025-01-17,Completed,E-Wallet,55000000.0
ORD_00688,CUST_00012,EMP_005,2025-09-12,,Pending,Credit Card,7590500.0
ORD_00689,CUST_00003,EMP_004,2025-12-13,2025-12-14,Shipping,Bank Transfer,1990000.0
ORD_00690,CUST_00042,EMP_010,2025-12-06,2025-12-08,Completed,COD,8880000.0
ORD_00691,CUST_00027,EMP_017,2026-03-02,2026-03-04,Completed,COD,1350000.0
ORD_00692,CUST_00058,EMP_013,2025-04-26,2025-04-27,Completed,Bank Transfer,720000.0
ORD_00693,CUST_00031,EMP_012,2025-03-28,2025-04-02,Shipping,Bank Transfer,180000.0
ORD_00694,CUST_00109,EMP_005,2025-11-05,2025-11-08,Completed,Credit Card,22293500.0
ORD_00695,CUST_00039,EMP_005,2025-11-24,2025-11-28,Completed,E-Wallet,30040000.0
ORD_00696,CUST_00082,EMP_016,2026-03-11,2026-03-15,Completed,Credit Card,8670000.0
ORD_00697,CUST_00141,EMP_016,2026-05-20,2026-05-22,Completed,E-Wallet,3200000.0
ORD_00698,CUST_00178,EMP_008,2025-03-31,2025-04-01,Completed,Bank Transfer,102026000.0
ORD_00699,CUST_00037,EMP_018,2026-03-08,2026-03-10,Completed,COD,21476500.0
ORD_00700,CUST_00096,EMP_002,2025-04-19,2025-04-20,Completed,E-Wallet,28690000.0
ORD_00701,CUST_00047,EMP_016,2025-05-24,2025-05-27,Completed,E-Wallet,7900000.0
ORD_00702,CUST_00004,EMP_010,2025-04-24,2025-04-25,Completed,Bank Transfer,55580000.0
ORD_00703,CUST_00067,EMP_019,2026-05-29,2026-05-31,Completed,E-Wallet,5136500.0
ORD_00704,CUST_00191,EMP_018,2025-03-21,,Pending,E-Wallet,6360000.0
ORD_00705,CUST_00050,EMP_009,2025-04-22,2025-04-25,Completed,Credit Card,720000.0
ORD_00706,CUST_00055,EMP_020,2025-01-12,,Pending,Credit Card,490000.0
ORD_00707,CUST_00069,EMP_003,2025-02-15,2025-02-19,Completed,COD,6300000.0
ORD_00708,CUST_00092,EMP_010,2026-02-12,2026-02-15,Completed,E-Wallet,13430000.0
ORD_00709,CUST_00129,EMP_005,2025-01-25,2025-01-29,Completed,E-Wallet,22620000.0
ORD_00710,CUST_00184,EMP_008,2025-08-09,,Pending,Bank Transfer,1166500.0
ORD_00711,CUST_00088,EMP_015,2025-05-15,2025-05-18,Completed,E-Wallet,6400000.0
ORD_00712,CUST_00054,EMP_020,2025-03-18,,Cancelled,E-Wallet,24750000.0
ORD_00713,CUST_00141,EMP_003,2026-05-26,2026-05-29,Completed,Bank Transfer,11971500.0
ORD_00714,CUST_00066,EMP_015,2025-05-24,2025-05-29,Shipping,E-Wallet,648000.0
ORD_00715,CUST_00175,EMP_005,2026-03-28,2026-04-02,Completed,Credit Card,890000.0
ORD_00716,CUST_00175,EMP_002,2025-02-28,2025-03-02,Completed,COD,2450000.0
ORD_00717,CUST_00103,EMP_003,2025-08-17,2025-08-21,Completed,COD,67500.0
ORD_00718,CUST_00120,EMP_004,2025-03-29,2025-03-30,Completed,E-Wallet,1940000.0
ORD_00719,CUST_00180,EMP_016,2025-04-28,2025-04-29,Completed,Bank Transfer,11240000.0
ORD_00720,CUST_00111,EMP_016,2025-08-07,2025-08-08,Completed,E-Wallet,7990000.0
ORD_00721,CUST_00071,EMP_013,2025-03-25,2025-03-29,Completed,E-Wallet,4370000.0
ORD_00722,CUST_00193,EMP_010,2025-06-18,2025-06-22,Completed,E-Wallet,16740000.0
ORD_00723,CUST_00003,EMP_018,2025-07-23,2025-07-28,Completed,Bank Transfer,3211000.0
ORD_00724,CUST_00082,EMP_001,2025-06-04,2025-06-06,Shipping,E-Wallet,12450500.0
ORD_00725,CUST_00164,EMP_019,2025-04-10,2025-04-12,Completed,E-Wallet,1480000.0
ORD_00726,CUST_00174,EMP_019,2025-01-15,2025-01-18,Completed,COD,441000.0
ORD_00727,CUST_00180,EMP_016,2026-04-12,2026-04-15,Completed,Credit Card,2305000.0
ORD_00728,CUST_00112,EMP_013,2025-10-19,,Pending,E-Wallet,16973000.0
ORD_00729,CUST_00027,EMP_003,2025-01-17,2025-01-21,Completed,COD,8660000.0
ORD_00730,CUST_00009,EMP_010,2026-03-07,2026-03-11,Completed,E-Wallet,47970000.0
ORD_00731,CUST_00119,EMP_014,2026-02-10,2026-02-13,Completed,Bank Transfer,8825500.0
ORD_00732,CUST_00062,EMP_001,2026-03-01,2026-03-02,Completed,Bank Transfer,38175000.0
ORD_00733,CUST_00062,EMP_018,2026-02-05,2026-02-09,Completed,COD,18750000.0
ORD_00734,CUST_00060,EMP_004,2025-05-10,2025-05-15,Completed,E-Wallet,8579000.0
ORD_00735,CUST_00040,EMP_001,2025-03-22,2025-03-23,Completed,Bank Transfer,11316500.0
ORD_00736,CUST_00169,EMP_002,2025-10-09,2025-10-11,Completed,COD,4781000.0
ORD_00737,CUST_00068,EMP_006,2025-04-06,2025-04-09,Completed,Bank Transfer,9980000.0
ORD_00738,CUST_00125,EMP_003,2025-08-04,2025-08-08,Completed,Credit Card,810000.0
ORD_00739,CUST_00156,EMP_002,2025-05-01,,Cancelled,Credit Card,4940000.0
ORD_00740,CUST_00050,EMP_020,2025-01-31,2025-02-05,Completed,Bank Transfer,4490000.0
ORD_00741,CUST_00084,EMP_005,2025-08-14,2025-08-16,Completed,Credit Card,1470000.0
ORD_00742,CUST_00142,EMP_010,2026-04-24,2026-04-28,Completed,E-Wallet,1221000.0
ORD_00743,CUST_00101,EMP_004,2025-11-16,2025-11-18,Completed,E-Wallet,494000.0
ORD_00744,CUST_00082,EMP_020,2025-04-21,2025-04-25,Completed,Bank Transfer,22563000.0
ORD_00745,CUST_00065,EMP_019,2026-02-24,2026-03-01,Completed,Credit Card,8490000.0
ORD_00746,CUST_00048,EMP_012,2025-09-09,2025-09-12,Completed,Credit Card,4290000.0
ORD_00747,CUST_00003,EMP_011,2025-08-07,2025-08-10,Completed,Bank Transfer,2070000.0
ORD_00748,CUST_00156,EMP_003,2026-03-08,2026-03-12,Completed,Credit Card,14906500.0
ORD_00749,CUST_00099,EMP_008,2025-01-22,2025-01-27,Completed,COD,3860000.0
ORD_00750,CUST_00107,EMP_010,2025-10-09,2025-10-12,Completed,E-Wallet,1190000.0
ORD_00751,CUST_00101,EMP_010,2026-04-11,2026-04-12,Completed,Credit Card,27140000.0
ORD_00752,CUST_00044,EMP_003,2025-07-15,2025-07-18,Completed,COD,29545000.0
ORD_00753,CUST_00070,EMP_006,2025-05-22,2025-05-23,Completed,Bank Transfer,3960000.0
ORD_00754,CUST_00106,EMP_015,2025-05-06,2025-05-08,Completed,E-Wallet,5855500.0
ORD_00755,CUST_00183,EMP_003,2025-12-28,2025-12-30,Completed,Bank Transfer,16240500.0
ORD_00756,CUST_00049,EMP_016,2025-04-18,2025-04-23,Completed,Credit Card,3370000.0
ORD_00757,CUST_00057,EMP_012,2026-01-30,,Cancelled,Bank Transfer,10840000.0
ORD_00758,CUST_00166,EMP_004,2025-05-31,2025-06-01,Completed,COD,75000.0
ORD_00759,CUST_00170,EMP_017,2026-04-09,2026-04-10,Completed,COD,350000.0
ORD_00760,CUST_00131,EMP_011,2025-02-24,2025-02-27,Completed,COD,2700000.0
ORD_00761,CUST_00076,EMP_007,2026-02-17,2026-02-20,Completed,E-Wallet,3340000.0
ORD_00762,CUST_00010,EMP_019,2025-09-30,2025-10-05,Completed,COD,2690000.0
ORD_00763,CUST_00101,EMP_004,2025-08-14,2025-08-17,Completed,E-Wallet,350000.0
ORD_00764,CUST_00153,EMP_010,2025-01-04,2025-01-09,Completed,E-Wallet,6080000.0
ORD_00765,CUST_00117,EMP_005,2025-01-14,2025-01-18,Completed,Credit Card,380000.0
ORD_00766,CUST_00195,EMP_001,2025-12-27,,Cancelled,COD,14342000.0
ORD_00767,CUST_00059,EMP_017,2026-05-31,2026-06-02,Completed,COD,14900000.0
ORD_00768,CUST_00090,EMP_018,2025-09-21,2025-09-24,Completed,Credit Card,4464000.0
ORD_00769,CUST_00153,EMP_016,2025-04-26,2025-05-01,Completed,COD,380000.0
ORD_00770,CUST_00037,EMP_012,2026-05-25,2026-05-30,Completed,E-Wallet,13410000.0
ORD_00771,CUST_00097,EMP_004,2025-10-08,2025-10-13,Shipping,E-Wallet,1710500.0
ORD_00772,CUST_00157,EMP_004,2026-03-20,,Pending,Credit Card,27500000.0
ORD_00773,CUST_00120,EMP_005,2026-06-20,,Cancelled,Bank Transfer,720000.0
ORD_00774,CUST_00117,EMP_002,2025-08-11,2025-08-16,Completed,COD,490000.0
ORD_00775,CUST_00001,EMP_002,2025-09-15,2025-09-18,Completed,Bank Transfer,9670000.0
ORD_00776,CUST_00109,EMP_013,2025-04-11,2025-04-14,Shipping,Credit Card,150000.0
ORD_00777,CUST_00149,EMP_005,2025-07-24,2025-07-28,Completed,Bank Transfer,1890000.0
ORD_00778,CUST_00119,EMP_018,2025-07-07,2025-07-11,Completed,COD,520000.0
ORD_00779,CUST_00176,EMP_012,2026-04-25,2026-04-29,Completed,E-Wallet,25681250.0
ORD_00780,CUST_00145,EMP_010,2025-02-24,,Pending,E-Wallet,3790500.0
ORD_00781,CUST_00133,EMP_015,2025-02-25,2025-02-28,Completed,COD,4900000.0
ORD_00782,CUST_00177,EMP_011,2025-03-04,2025-03-09,Completed,COD,2133000.0
ORD_00783,CUST_00164,EMP_005,2025-11-05,2025-11-06,Completed,E-Wallet,17470000.0
ORD_00784,CUST_00064,EMP_007,2025-04-17,2025-04-22,Completed,E-Wallet,8490000.0
ORD_00785,CUST_00048,EMP_008,2025-09-24,,Pending,E-Wallet,10905500.0
ORD_00786,CUST_00180,EMP_018,2025-07-25,2025-07-28,Completed,Credit Card,7330500.0
ORD_00787,CUST_00119,EMP_014,2026-03-12,2026-03-15,Completed,E-Wallet,1350000.0
ORD_00788,CUST_00166,EMP_020,2026-04-01,2026-04-04,Completed,Bank Transfer,1504000.0
ORD_00789,CUST_00129,EMP_007,2025-12-24,2025-12-29,Shipping,E-Wallet,3440000.0
ORD_00790,CUST_00036,EMP_009,2025-11-07,2025-11-08,Shipping,E-Wallet,15990000.0
ORD_00791,CUST_00182,EMP_017,2026-06-23,2026-06-26,Completed,Credit Card,11761000.0
ORD_00792,CUST_00028,EMP_016,2026-05-03,2026-05-05,Completed,Bank Transfer,1100000.0
ORD_00793,CUST_00108,EMP_003,2025-03-05,2025-03-06,Completed,COD,14010000.0
ORD_00794,CUST_00035,EMP_019,2025-07-24,2025-07-28,Completed,E-Wallet,1845500.0
ORD_00795,CUST_00023,EMP_019,2025-01-25,2025-01-26,Completed,Bank Transfer,5700000.0
ORD_00796,CUST_00105,EMP_019,2025-03-15,2025-03-20,Completed,E-Wallet,350000.0
ORD_00797,CUST_00091,EMP_012,2025-05-22,,Pending,E-Wallet,2700000.0
ORD_00798,CUST_00033,EMP_017,2025-11-02,2025-11-06,Completed,Bank Transfer,650000.0
ORD_00799,CUST_00075,EMP_009,2026-02-04,2026-02-05,Completed,Bank Transfer,27340000.0
ORD_00800,CUST_00068,EMP_001,2025-02-03,2025-02-06,Completed,Bank Transfer,1990000.0
ORD_00801,CUST_00188,EMP_011,2025-03-05,2025-03-06,Completed,COD,34500000.0
ORD_00802,CUST_00157,EMP_003,2026-05-06,2026-05-09,Shipping,COD,4990000.0
ORD_00803,CUST_00111,EMP_016,2025-11-07,,Pending,Bank Transfer,9025000.0
ORD_00804,CUST_00051,EMP_018,2026-01-24,2026-01-25,Completed,E-Wallet,1190000.0
ORD_00805,CUST_00180,EMP_014,2025-05-22,2025-05-23,Completed,Credit Card,7900000.0
ORD_00806,CUST_00060,EMP_003,2025-01-11,2025-01-16,Completed,COD,39480000.0
ORD_00807,CUST_00156,EMP_013,2026-05-06,2026-05-07,Completed,COD,617500.0
ORD_00808,CUST_00092,EMP_008,2026-03-31,2026-04-03,Completed,Credit Card,1726500.0
ORD_00809,CUST_00125,EMP_009,2025-03-22,2025-03-24,Completed,Bank Transfer,420000.0
ORD_00810,CUST_00037,EMP_002,2025-08-29,2025-09-02,Completed,COD,21900000.0
ORD_00811,CUST_00077,EMP_003,2025-03-03,2025-03-08,Completed,E-Wallet,1870000.0
ORD_00812,CUST_00014,EMP_010,2025-02-02,2025-02-05,Completed,COD,20160000.0
ORD_00813,CUST_00110,EMP_002,2025-04-22,2025-04-25,Completed,E-Wallet,1690000.0
ORD_00814,CUST_00042,EMP_013,2026-04-24,2026-04-26,Completed,Bank Transfer,7217500.0
ORD_00815,CUST_00069,EMP_009,2025-01-13,2025-01-18,Completed,Credit Card,1145000.0
ORD_00816,CUST_00105,EMP_002,2025-03-23,2025-03-28,Completed,Credit Card,2951000.0
ORD_00817,CUST_00168,EMP_002,2025-07-08,2025-07-12,Completed,Credit Card,2720000.0
ORD_00818,CUST_00067,EMP_009,2025-01-17,2025-01-20,Completed,COD,4440000.0
ORD_00819,CUST_00084,EMP_019,2026-01-16,,Pending,E-Wallet,300000.0
ORD_00820,CUST_00084,EMP_020,2026-01-04,2026-01-08,Completed,Credit Card,3410000.0
ORD_00821,CUST_00152,EMP_001,2025-04-19,2025-04-22,Completed,Credit Card,62375000.0
ORD_00822,CUST_00058,EMP_019,2026-05-31,,Cancelled,E-Wallet,17160000.0
ORD_00823,CUST_00082,EMP_009,2025-07-19,,Pending,Credit Card,25561500.0
ORD_00824,CUST_00105,EMP_012,2025-03-23,2025-03-28,Completed,COD,23561000.0
ORD_00825,CUST_00063,EMP_014,2025-05-22,2025-05-25,Completed,Credit Card,2100000.0
ORD_00826,CUST_00038,EMP_019,2026-05-22,2026-05-24,Completed,Bank Transfer,34346000.0
ORD_00827,CUST_00111,EMP_001,2025-06-20,,Cancelled,Bank Transfer,1890000.0
ORD_00828,CUST_00183,EMP_010,2025-05-02,2025-05-05,Completed,COD,87991000.0
ORD_00829,CUST_00186,EMP_019,2026-06-06,2026-06-07,Completed,Credit Card,2775000.0
ORD_00830,CUST_00198,EMP_004,2025-08-26,2025-08-29,Completed,COD,2752000.0
ORD_00831,CUST_00194,EMP_006,2025-05-27,2025-05-29,Completed,E-Wallet,7890000.0
ORD_00832,CUST_00125,EMP_015,2025-08-18,2025-08-21,Shipping,Credit Card,8721000.0
ORD_00833,CUST_00138,EMP_007,2025-01-07,2025-01-08,Completed,Credit Card,5200000.0
ORD_00834,CUST_00033,EMP_015,2025-10-30,2025-10-31,Shipping,E-Wallet,10963000.0
ORD_00835,CUST_00057,EMP_003,2025-12-01,2025-12-04,Completed,Credit Card,15791000.0
ORD_00836,CUST_00010,EMP_014,2025-04-13,2025-04-18,Shipping,Credit Card,378000.0
ORD_00837,CUST_00010,EMP_001,2025-09-09,2025-09-13,Completed,Bank Transfer,32160500.0
ORD_00838,CUST_00051,EMP_003,2026-06-13,2026-06-15,Shipping,COD,4990000.0
ORD_00839,CUST_00046,EMP_002,2026-03-05,2026-03-10,Completed,E-Wallet,22363000.0
ORD_00840,CUST_00060,EMP_010,2026-05-12,2026-05-16,Completed,Credit Card,5267000.0
ORD_00841,CUST_00108,EMP_015,2025-11-30,2025-12-04,Completed,COD,4290000.0
ORD_00842,CUST_00102,EMP_005,2026-05-11,,Pending,E-Wallet,1601000.0
ORD_00843,CUST_00105,EMP_002,2025-11-27,2025-11-30,Completed,E-Wallet,520000.0
ORD_00844,CUST_00014,EMP_009,2026-05-13,2026-05-16,Completed,COD,171000.0
ORD_00845,CUST_00138,EMP_007,2025-04-23,2025-04-28,Shipping,Credit Card,617500.0
ORD_00846,CUST_00098,EMP_003,2025-12-08,2025-12-13,Shipping,COD,530000.0
ORD_00847,CUST_00184,EMP_008,2025-10-25,,Pending,Credit Card,350000.0
ORD_00848,CUST_00004,EMP_002,2025-01-21,,Pending,COD,25795000.0
ORD_00849,CUST_00064,EMP_002,2025-10-06,2025-10-10,Completed,E-Wallet,26820000.0
ORD_00850,CUST_00020,EMP_003,2026-06-01,2026-06-05,Completed,COD,650000.0
ORD_00851,CUST_00189,EMP_019,2026-02-05,2026-02-10,Completed,Credit Card,1290000.0
ORD_00852,CUST_00168,EMP_019,2026-04-28,2026-05-02,Completed,COD,190000.0
ORD_00853,CUST_00180,EMP_018,2026-06-03,2026-06-04,Completed,E-Wallet,6181500.0
ORD_00854,CUST_00102,EMP_008,2026-04-03,2026-04-08,Completed,COD,15630000.0
ORD_00855,CUST_00126,EMP_019,2025-09-13,2025-09-17,Completed,E-Wallet,6930000.0
ORD_00856,CUST_00087,EMP_005,2025-02-07,2025-02-12,Completed,E-Wallet,7331000.0
ORD_00857,CUST_00182,EMP_016,2026-06-11,2026-06-12,Completed,COD,10925000.0
ORD_00858,CUST_00042,EMP_017,2025-05-05,2025-05-09,Completed,COD,150000.0
ORD_00859,CUST_00135,EMP_016,2025-05-24,2025-05-29,Completed,E-Wallet,612000.0
ORD_00860,CUST_00185,EMP_009,2026-06-20,2026-06-23,Completed,Bank Transfer,171000.0
ORD_00861,CUST_00183,EMP_012,2026-06-16,2026-06-20,Completed,E-Wallet,22515000.0
ORD_00862,CUST_00035,EMP_006,2026-06-21,2026-06-25,Completed,COD,550000.0
ORD_00863,CUST_00002,EMP_010,2025-07-12,2025-07-13,Completed,E-Wallet,9500000.0
ORD_00864,CUST_00018,EMP_012,2025-08-20,2025-08-21,Completed,Bank Transfer,150000.0
ORD_00865,CUST_00160,EMP_013,2025-09-18,2025-09-20,Completed,COD,4140000.0
ORD_00866,CUST_00134,EMP_019,2026-01-28,2026-02-02,Completed,Credit Card,45550000.0
ORD_00867,CUST_00001,EMP_011,2025-03-21,2025-03-22,Shipping,Bank Transfer,670000.0
ORD_00868,CUST_00144,EMP_013,2026-01-22,,Pending,E-Wallet,180000.0
ORD_00869,CUST_00155,EMP_007,2025-06-20,2025-06-23,Shipping,Bank Transfer,5878000.0
ORD_00870,CUST_00094,EMP_015,2025-12-21,2025-12-23,Completed,Bank Transfer,1402500.0
ORD_00871,CUST_00051,EMP_015,2026-01-05,2026-01-06,Completed,Credit Card,13470000.0
ORD_00872,CUST_00004,EMP_020,2025-10-07,2025-10-10,Completed,E-Wallet,10580000.0
ORD_00873,CUST_00015,EMP_019,2025-02-01,2025-02-05,Shipping,E-Wallet,60181000.0
ORD_00874,CUST_00008,EMP_020,2025-06-06,2025-06-08,Completed,Bank Transfer,8490000.0
ORD_00875,CUST_00016,EMP_011,2025-04-10,2025-04-13,Shipping,Bank Transfer,58100000.0
ORD_00876,CUST_00044,EMP_019,2026-01-11,2026-01-15,Completed,E-Wallet,24790500.0
ORD_00877,CUST_00156,EMP_007,2026-06-02,2026-06-03,Completed,Credit Card,1990000.0
ORD_00878,CUST_00179,EMP_003,2026-04-20,2026-04-21,Completed,Bank Transfer,8618500.0
ORD_00879,CUST_00056,EMP_012,2026-04-17,2026-04-19,Completed,Credit Card,21145500.0
ORD_00880,CUST_00081,EMP_014,2025-08-20,,Pending,Credit Card,1460000.0
ORD_00881,CUST_00116,EMP_006,2025-02-07,2025-02-12,Shipping,E-Wallet,4940000.0
ORD_00882,CUST_00089,EMP_010,2025-08-01,2025-08-06,Completed,Credit Card,1190000.0
ORD_00883,CUST_00067,EMP_002,2025-04-29,2025-05-01,Completed,E-Wallet,2590000.0
ORD_00884,CUST_00169,EMP_019,2025-02-04,2025-02-05,Completed,Credit Card,28560000.0
ORD_00885,CUST_00140,EMP_006,2025-01-23,2025-01-28,Completed,E-Wallet,10722500.0
ORD_00886,CUST_00154,EMP_011,2026-05-10,2026-05-13,Completed,COD,14230500.0
ORD_00887,CUST_00179,EMP_017,2025-07-23,,Cancelled,Bank Transfer,15800000.0
ORD_00888,CUST_00024,EMP_010,2025-05-25,,Pending,E-Wallet,75000.0
ORD_00889,CUST_00045,EMP_010,2025-11-11,2025-11-13,Completed,Bank Transfer,1690000.0
ORD_00890,CUST_00199,EMP_012,2025-01-06,2025-01-09,Completed,COD,1076500.0
ORD_00891,CUST_00181,EMP_008,2025-04-09,2025-04-12,Completed,Bank Transfer,8151000.0
ORD_00892,CUST_00187,EMP_014,2026-02-08,2026-02-11,Completed,E-Wallet,50590000.0
ORD_00893,CUST_00088,EMP_017,2025-01-02,2025-01-06,Completed,COD,7840000.0
ORD_00894,CUST_00168,EMP_006,2026-03-12,2026-03-15,Completed,E-Wallet,35491500.0
ORD_00895,CUST_00133,EMP_004,2026-04-22,,Pending,Credit Card,7545000.0
ORD_00896,CUST_00148,EMP_017,2026-01-29,2026-01-30,Completed,E-Wallet,4265500.0
ORD_00897,CUST_00030,EMP_020,2026-04-07,2026-04-11,Completed,Credit Card,31490000.0
ORD_00898,CUST_00182,EMP_019,2025-09-22,2025-09-27,Completed,E-Wallet,75000.0
ORD_00899,CUST_00126,EMP_015,2026-01-11,2026-01-16,Completed,Credit Card,7505000.0
ORD_00900,CUST_00007,EMP_018,2025-10-01,2025-10-04,Completed,E-Wallet,4290000.0
ORD_00901,CUST_00029,EMP_012,2025-02-07,2025-02-11,Completed,Bank Transfer,617500.0
ORD_00902,CUST_00163,EMP_016,2026-03-18,2026-03-21,Shipping,E-Wallet,3270000.0
ORD_00903,CUST_00010,EMP_005,2025-04-14,2025-04-15,Completed,Credit Card,16131000.0
ORD_00904,CUST_00111,EMP_004,2025-07-16,2025-07-19,Completed,Bank Transfer,22970000.0
ORD_00905,CUST_00177,EMP_006,2025-10-11,2025-10-12,Completed,E-Wallet,3220000.0
ORD_00906,CUST_00163,EMP_011,2025-04-10,2025-04-11,Completed,Credit Card,2555500.0
ORD_00907,CUST_00118,EMP_019,2026-03-07,2026-03-10,Completed,E-Wallet,55420000.0
ORD_00908,CUST_00191,EMP_016,2025-08-04,2025-08-06,Completed,E-Wallet,21900000.0
ORD_00909,CUST_00021,EMP_016,2025-12-20,2025-12-25,Completed,Credit Card,1990000.0
ORD_00910,CUST_00008,EMP_005,2025-06-20,2025-06-25,Completed,E-Wallet,1691500.0
ORD_00911,CUST_00143,EMP_016,2025-08-29,2025-09-03,Completed,Bank Transfer,8490000.0
ORD_00912,CUST_00029,EMP_019,2025-10-24,2025-10-26,Completed,E-Wallet,3681500.0
ORD_00913,CUST_00162,EMP_004,2025-11-22,2025-11-27,Completed,E-Wallet,290000.0
ORD_00914,CUST_00116,EMP_006,2025-07-01,2025-07-02,Completed,Credit Card,3440000.0
ORD_00915,CUST_00108,EMP_014,2025-07-13,2025-07-18,Completed,Bank Transfer,2690000.0
ORD_00916,CUST_00147,EMP_014,2025-01-24,2025-01-26,Completed,Bank Transfer,17592000.0
ORD_00917,CUST_00168,EMP_013,2026-06-08,2026-06-10,Shipping,E-Wallet,711000.0
ORD_00918,CUST_00052,EMP_011,2025-05-16,2025-05-17,Completed,Bank Transfer,865000.0
ORD_00919,CUST_00119,EMP_017,2025-04-24,,Pending,Credit Card,2235000.0
ORD_00920,CUST_00121,EMP_013,2025-03-14,,Pending,Credit Card,12830000.0
ORD_00921,CUST_00075,EMP_013,2025-02-10,2025-02-15,Completed,E-Wallet,8065500.0
ORD_00922,CUST_00195,EMP_019,2025-04-25,2025-04-28,Completed,E-Wallet,5190000.0
ORD_00923,CUST_00019,EMP_015,2026-05-19,,Pending,Credit Card,5025500.0
ORD_00924,CUST_00180,EMP_009,2025-10-09,2025-10-11,Completed,Bank Transfer,49380000.0
ORD_00925,CUST_00184,EMP_006,2025-11-09,2025-11-13,Completed,Credit Card,5290000.0
ORD_00926,CUST_00099,EMP_009,2025-08-22,2025-08-24,Completed,Credit Card,26125000.0
ORD_00927,CUST_00191,EMP_017,2026-02-20,2026-02-22,Completed,Credit Card,4570000.0
ORD_00928,CUST_00044,EMP_017,2026-05-09,2026-05-13,Completed,COD,19400000.0
ORD_00929,CUST_00187,EMP_004,2025-07-21,2025-07-25,Completed,COD,15770000.0
ORD_00930,CUST_00142,EMP_018,2025-03-23,,Cancelled,COD,180000.0
ORD_00931,CUST_00190,EMP_006,2025-09-08,2025-09-12,Completed,Bank Transfer,1250000.0
ORD_00932,CUST_00191,EMP_007,2025-03-07,2025-03-09,Shipping,Credit Card,655500.0
ORD_00933,CUST_00123,EMP_015,2025-04-11,2025-04-12,Completed,Credit Card,11990000.0
ORD_00934,CUST_00151,EMP_007,2026-05-14,2026-05-15,Completed,E-Wallet,20880000.0
ORD_00935,CUST_00194,EMP_014,2025-10-05,2025-10-07,Completed,Credit Card,4410000.0
ORD_00936,CUST_00071,EMP_018,2026-05-31,2026-06-04,Completed,COD,64951000.0
ORD_00937,CUST_00088,EMP_018,2025-07-07,2025-07-08,Completed,Bank Transfer,940500.0
ORD_00938,CUST_00121,EMP_004,2025-11-04,2025-11-06,Shipping,Bank Transfer,931000.0
ORD_00939,CUST_00041,EMP_020,2025-06-10,2025-06-15,Completed,E-Wallet,1451000.0
ORD_00940,CUST_00078,EMP_012,2025-05-29,2025-06-01,Completed,Credit Card,142500.0
ORD_00941,CUST_00002,EMP_013,2025-02-26,,Cancelled,Credit Card,5850000.0
ORD_00942,CUST_00184,EMP_009,2025-10-29,,Pending,COD,1350000.0
ORD_00943,CUST_00052,EMP_007,2026-05-31,2026-06-03,Completed,COD,290000.0
ORD_00944,CUST_00185,EMP_019,2026-04-27,,Cancelled,COD,8344000.0
ORD_00945,CUST_00151,EMP_013,2025-03-02,2025-03-05,Completed,Credit Card,1960000.0
ORD_00946,CUST_00199,EMP_014,2025-06-05,2025-06-10,Shipping,Credit Card,2520000.0
ORD_00947,CUST_00143,EMP_017,2025-10-26,2025-10-28,Completed,COD,44161000.0
ORD_00948,CUST_00120,EMP_008,2026-04-17,2026-04-19,Completed,Credit Card,44700000.0
ORD_00949,CUST_00165,EMP_014,2026-03-14,2026-03-18,Completed,COD,19021000.0
ORD_00950,CUST_00126,EMP_010,2025-12-08,2025-12-09,Completed,COD,11005500.0
ORD_00951,CUST_00111,EMP_009,2026-04-22,2026-04-24,Completed,Credit Card,2890000.0
ORD_00952,CUST_00200,EMP_014,2025-01-22,2025-01-25,Completed,COD,22950000.0
ORD_00953,CUST_00150,EMP_011,2026-04-14,2026-04-16,Completed,Credit Card,10380000.0
ORD_00954,CUST_00011,EMP_005,2025-12-23,,Cancelled,Credit Card,21637500.0
ORD_00955,CUST_00007,EMP_005,2026-03-27,2026-03-31,Completed,COD,29800000.0
ORD_00956,CUST_00013,EMP_015,2026-03-26,2026-03-28,Completed,E-Wallet,27570000.0
ORD_00957,CUST_00042,EMP_007,2025-05-04,2025-05-09,Shipping,Credit Card,4026500.0
ORD_00958,CUST_00066,EMP_017,2025-04-25,2025-04-26,Shipping,COD,171000.0
ORD_00959,CUST_00091,EMP_012,2025-11-14,,Pending,E-Wallet,15526500.0
ORD_00960,CUST_00071,EMP_011,2025-02-16,2025-02-18,Completed,Bank Transfer,3210000.0
ORD_00961,CUST_00054,EMP_010,2026-01-16,2026-01-18,Completed,E-Wallet,513000.0
ORD_00962,CUST_00172,EMP_006,2026-01-09,2026-01-10,Shipping,Bank Transfer,350000.0
ORD_00963,CUST_00068,EMP_020,2025-11-25,2025-11-26,Completed,Credit Card,14391000.0
ORD_00964,CUST_00105,EMP_002,2026-01-22,,Pending,Bank Transfer,27500000.0
ORD_00965,CUST_00108,EMP_003,2025-04-26,,Cancelled,E-Wallet,5680500.0
ORD_00966,CUST_00172,EMP_004,2026-05-05,2026-05-10,Completed,Bank Transfer,891000.0
ORD_00967,CUST_00058,EMP_003,2025-04-08,2025-04-11,Completed,COD,190000.0
ORD_00968,CUST_00085,EMP_015,2026-06-17,2026-06-20,Completed,Bank Transfer,4490000.0
ORD_00969,CUST_00009,EMP_013,2025-02-19,,Pending,Bank Transfer,7590500.0
ORD_00970,CUST_00042,EMP_013,2025-11-27,2025-12-01,Completed,E-Wallet,13346500.0
ORD_00971,CUST_00168,EMP_017,2025-12-12,2025-12-14,Completed,Credit Card,9980000.0
ORD_00972,CUST_00025,EMP_011,2026-06-16,2026-06-19,Completed,E-Wallet,6252500.0
ORD_00973,CUST_00183,EMP_010,2025-05-10,2025-05-13,Shipping,E-Wallet,5355000.0
ORD_00974,CUST_00047,EMP_013,2026-06-08,2026-06-10,Completed,COD,14900000.0
ORD_00975,CUST_00039,EMP_019,2026-06-22,2026-06-27,Completed,Credit Card,5470000.0
ORD_00976,CUST_00159,EMP_008,2025-06-05,2025-06-10,Completed,E-Wallet,26741000.0
ORD_00977,CUST_00077,EMP_001,2025-03-18,2025-03-23,Completed,Credit Card,1436500.0
ORD_00978,CUST_00016,EMP_014,2025-05-24,2025-05-26,Completed,Bank Transfer,290000.0
ORD_00979,CUST_00050,EMP_008,2025-12-25,2025-12-28,Completed,Bank Transfer,25080000.0
ORD_00980,CUST_00164,EMP_004,2026-06-18,2026-06-19,Completed,E-Wallet,520000.0
ORD_00981,CUST_00191,EMP_020,2026-04-11,2026-04-14,Completed,Credit Card,23295500.0
ORD_00982,CUST_00195,EMP_010,2025-08-19,2025-08-20,Completed,Credit Card,3790500.0
ORD_00983,CUST_00111,EMP_014,2025-02-28,2025-03-03,Completed,Credit Card,20045500.0
ORD_00984,CUST_00063,EMP_019,2026-05-22,2026-05-26,Completed,Credit Card,2380000.0
ORD_00985,CUST_00156,EMP_019,2026-01-20,2026-01-24,Completed,COD,10515500.0
ORD_00986,CUST_00093,EMP_019,2026-03-08,,Pending,COD,1040000.0
ORD_00987,CUST_00134,EMP_002,2026-02-13,,Pending,E-Wallet,25050000.0
ORD_00988,CUST_00106,EMP_001,2026-04-13,,Pending,Credit Card,756500.0
ORD_00989,CUST_00064,EMP_009,2026-04-02,,Pending,Credit Card,16151000.0
ORD_00990,CUST_00166,EMP_011,2026-02-15,,Pending,Bank Transfer,21775000.0
ORD_00991,CUST_00185,EMP_003,2026-02-20,2026-02-24,Completed,Bank Transfer,1170000.0
ORD_00992,CUST_00093,EMP_006,2025-06-22,2025-06-23,Completed,Bank Transfer,6280000.0
ORD_00993,CUST_00159,EMP_003,2025-07-23,2025-07-28,Completed,E-Wallet,34315000.0
ORD_00994,CUST_00076,EMP_020,2025-03-26,2025-03-28,Completed,E-Wallet,12189000.0
ORD_00995,CUST_00058,EMP_015,2025-08-10,2025-08-13,Completed,Bank Transfer,18967500.0
ORD_00996,CUST_00100,EMP_009,2026-01-08,,Pending,Credit Card,12123000.0
ORD_00997,CUST_00082,EMP_018,2026-01-01,2026-01-03,Completed,Credit Card,8604500.0
ORD_00998,CUST_00027,EMP_020,2025-08-22,2025-08-27,Completed,Bank Transfer,14700000.0
ORD_00999,CUST_00044,EMP_001,2026-04-05,2026-04-06,Completed,Credit Card,9800000.0
ORD_01000,CUST_00065,EMP_001,2026-05-18,2026-05-20,Completed,E-Wallet,520000.0
